1728	"Loeb classical library"
1552	"Greek anthology. English &amp; Greek"
691	"Teubner"
526	"Fragmenta historicorum graecorum Vol IV"
352	"Fragmenta historicorum graecorum Vol II"
310	"Bibliotheca scriptorum graecorum et romanorum Teubneriana. [Scriptores Graeci];"
305	"Fragmenta historicorum graecorum Vol III"
282	"The Greek anthology Vol III The Declamatory Epigrams Book IX"
272	"The Loeb classical library"
268	"The Greek anthology Vol II Sepulchral Epigrams Book VII"
224	"Moralia. English &amp; Greek."
188	"The Greek anthology Vol I The Dedicatory Epigrams Book VI"
185	"Scriptorum classicorum bibliotheca Oxoniensis"
179	"Grammaticae Romanae fragmenta collegit"
174	"The Greek anthology Vol V Epigrammata of the Planudean Anthology Not in the Pallatine Manuscript, Book XVI"
173	"Sammlung wissenschaftlicher Commentare"
170	"Moralia. Greek."
162	"Bibliotheca scriptorum Graecorum et Romanorum Teubneriana"
153	"Hesiod The Homeric hymns. And Homerica"
151	"Bibliotheca scriptorum graecorum et romanorum Teubneriana. [S.r.]"
138	"Fragmenta poetarum Romanorum"
132	"Fragmenta poetarum Latinorum epicorum et lyricorum praeter Ennium et Lucilium"
130	"The Oxford book of Latin verse from the earliest fragments to the end of the Vth century A.D"
126	"Epistolographoi hellenikoi Epistolographi graeci"
122	"Historicorum Romanorum reliquiae Vol II"
122	"الموطأ :::: موطأ الامام مالك"
120	"The Greek anthology Vol III"
120	"The Greek anthology Vol IV The Convivial and Satirical Epigrams Book XI"
119	"Anthologia lyrica sive Lyricorum graecorum veterum praeter Pindarum reliquiae potiores"
107	"Poetae lyrici graeci"
102	"Epigrammata Graeca"
100	"The Loeb Classical Library"
96	"Allyn and Bacon's college Latin series"
96	"The Greek anthology Vol I The Amatory Epigrams Book V"
92	"Orationes"
91	"Lyra Graeca being the remains of all the Greek lyric poets from Eumelus to Timotheus excepting Pindar Volume 3"
90	"Historia Augusta"
90	"Scriptores historiae augustae. English &amp; Latin."
88	"Anthologia lyrica graeca Volume I"
88	"Aristides Volume 1"
88	"Mediaeval Latin"
77	"Anthologia lyrica graeca Volume II"
75	"Poetae lyrici Graeci Vol II Poetas Elegiacos et Iambographos Continens"
74	"Liber Quartus Reliqui Scriptores Qui Florerunt Inde Ab Alexandri Temporibus Usque Ad Mortem Ptolemaei Philadelphi (336-247 a.C.)"
73	"Bible.‏ ‎Latin.‏ ‎Vulgate‏"
73	"Comicorum atticorum fragmenta Volumen III Novae Comoediae Fragmenta, Pars II Comicorum Incertae Aetatis Fragmenta, Fragmenta Incertorum Poetarum, Indices, Supplementa"
73	"Poetae lyrici Graeci Vol III Poetas Melicos Continens"
73	"Vulgate Bible"
68	"Lysias with an English Translation"
68	"The Greek anthology Vol IV The Hortatory and Admonitory Epigrams Book X"
67	"World English Bible"
66	"Homeric hymns. English &amp; Greek."
65	"OCT"
64	"Ausonius, with an English translation Vol 1"
64	"Liber Decimus Scriptores Aetatis Incertae Ex Ordine Literarum"
    <title count="63"/>
63	"Oxford Classical Texts Series"
60	"Scripta quae manserunt omnia Partis IV Vol. III"
60	"The Declamatory Epigrams Book IX"
59	"Loeb Classical Library"
58	"The Greek anthology Vol II"
58	"The Greek anthology Vol IV Musa Puerilis Book XII"
57	"Epicorum graecorum fragmenta"
57	"Tragicorum graecorum fragmenta"
56	"Bibliotheca scriptorum Graecorum et Romanorum Teubneriana. [Scriptores Graeci]"
56	"الخراج :::: كتاب الخراج"
55	"Historicorum Romanorum reliquiae Vol I"
55	"المتشابه في القرآن :::: المشتبه في القرآن :::: المشتبهات في القرآن :::: متشابه القرآن::::مشتبهات القرآن العظيم"
53	"Bible. Septuagint Old Testament"
53	"Declamationes"
53	"Septuaginta id est, Vetus Testamentum graece iuxta LXX interpretes"
48	"Lucius Annaeus Florus, Epitome of Roman history Cornelius Nepos The Book of Cornelius Nepos on the Great Generals of Foreign Nations"
48	"Speeches"
47	"Ausonius, Decimus Magnus. Works"
47	"Bibliotheca scriptorum graecorum et romanorum Teubneriana"
47	"Decimi Magni Ausonii Burdigalensis opuscula"
47	"Platonis Opera Tomus III Tetralogia V-VII"
47	"Supplementum comicum, comoediae graecae fragmenta post editiones Kockianam et Kaibelianam reperta vel indicata, collegit, disposuit, adnotationibus et indice verborum"
46	"Inde ab Incunabulus Artis Historicae Usque ad Finem Belli Peloponnesiaci 520-404 A.C."
45	"Callimachus and Lycophron"
45	"Lucian Vol I"
44	"Delectus ex iambis et elegis Graecis"
44	"Demosthenis orationes Tomus III Vol III Orationes XLI-LXI. Prooemia. Epistulae"
44	"Fragmenta historicorum graecorum Vol I"
44	"Minor Latin poets with introductions and English translations"
44	"Opera Vol III"
44	"Plutarchi Chaeronensis Moralia Vol III"
44	"Suetonius Volume II"
43	"Comicorum atticorum fragmenta Volumen I Antiquae Comoediae Fragmenta"
43	"Comicorum atticorum fragmenta Volumen II Pars I Novae Comoediae Fragmenta"
42	"Remains of old Latin newly edited and translated Vol 2 Livius Andronicus, Naevius, Pacuvius, Accius"
41	"Greek Melic Poets"
41	"Patrologiae Latinae"
40	"Isocrates With an English Translation. Vol III"
40	"The Loeb classical library. [Greek authors] No. 373"
39	"Oxford Classical Texts"
39	"The Modern library of the world's best books"
38	"Carmina cum fragmentis"
38	"Demosthenis orationes Tomus I Vol I Orationes I-XIX"
38	"Oxford classical texts"
38	"Plutarch's morals Volume V"
38	"The Greek bucolic poets"
37	"Fragments"
36	"De Vita Caesarum"
36	"Geographi graeci minores Volumen Primum"
36	"Opera Vol I"
36	"Plutarch's Lives Volume I"
36	"Reliquiae selectae"
36	"The Loeb classical library [Latin authors] 139"
36	"The Scriptores historiae augustae Volume I"
35	"Moral essays Vol 2"
35	"[Bohn's classical library]"
34	"Aristotelis opera Volumen Primum Aristoteles Graece ex Recognitione Immanuelis Bekkeri Volumen Prius"
34	"Comoediae. English &amp; Latin"
34	"Geographi graeci minores Volumen Secundum"
34	"Lysiae Orationes"
34	"Plutarch's morals Volume II"
34	"Poetae latini minores Volume IV Anthologia Latina"
34	"The Latin poets"
33	"Homeric Hymns: Greek and German"
33	"Homerische Hymnen: griechisch und deutsch"
33	"Lucian Vol V"
33	"Plutarch's morals Volume I"
33	"Themistii Orationes ex codice mediolanensi"
32	"Aeschylus Tragedies"
32	"Oeuvres de Rufus d'Éphèse"
32	"Plutarch's Lives Volume II"
32	"The Greek anthology Vol V Miscellanea Book XV"
32	"الام :::: كتاب الام"
31	"Carmina"
31	"Platonis Opera Tomus II Tetralogia III-IV"
30	"Plutarch's Moralia Vol VI 439A-523B"
30	"Plutarch's morals Volume IV"
30	"Plutarchi Chaeronensis Moralia Vol VI"
30	"Poetae Graeci."
30	"Scaenicae Romanorum poesis fragmenta Volumen II Comicorum Fragmenta Comicorum Romanorum Praeter Plautum Et Syri Quae Feruntur Sententias Fragmenta"
30	"Septuaginta: Libri Poetici et Prophetici"
30	"The Greek anthology Vol V Epigrams in Various Metres Book XIII"
29	"Libanii Opera Vol VIII Progymnasmata Accedit Gregorii Cyprii Adversus Avari Declamationem Libanianam Antilogia"
29	"Plutarch's Lives Volume X"
29	"Plutarchi Chaeronensis Moralia Vol I"
28	"De Viris Illustribus"
28	"Inde a Fine Belli Peloponnesiaci usque ad Tempora Alexandri Magni"
28	"Lyrica Graeca selecta"
28	"Plutarchi Moralia Vol. 1"
28	"Sepulchral Epigrams Book VII"
28	"Stoicorum veterum fragmenta Volumen III Chrysippi Fragmenta Moralia, Fragmenta Successorum Chrysippi"
28	"Vitae"
27	"Appian's Roman History Volume I"
27	"Appiani Historia romana Volumen Prius"
27	"Bible. N. T. Greek. 1885."
27	"Claudian Vol I"
27	"Historia Romana. Greek."
27	"Liber Quintus A Ptolemaeo III Evergete Usque ad Finem Ptolemaei VI Philometoris, Sive Usque Ad Eversionem Corinthi (247-146 a.C.)"
27	"Lucian Vol II"
27	"Lucian Vol III"
27	"Lyra Graeca being the remains of all the Greek lyric poets from Eumelus to Timotheus excepting Pindar Volume 2"
27	"Plutarch's Moralia Vol II 86 B - 171 F."
27	"Plutarch's Moralia Vol X 771E-854D"
27	"The Lives of the twelve Caesars to which are added, his Lives of the grammarians, rhetoricians, and poets"
27	"The Loeb classical library [Latin authors] 140"
27	"The Loeb classical library [Latin authors] 263"
27	"The New Testament in the original Greek"
27	"The Scriptores historiae augustae Volume II"
27	"The Scriptores historiae augustae Volume III"
27	"Theophrasti Eresii Opera Quae Supersunt Omnia Fragmenta Tomus Tertius Accessit Prisciani Lydi Metaphrasis in Theophrasti Libros de Sensu Et De Phantasia"
26	"Aristoteles Ejusque Discipuli"
26	"Corneli Nepotis Vitae"
26	"Lucian Vol VI"
26	"Lucian Vol VIII"
26	"Plutarch's Lives Volume III"
26	"Plutarchi Chaeronensis Moralia Vol V"
26	"Vitae excellentium imperatorum. Latin."
26	"مسند ابي حنيفه"
25	"Ausonius, with an English translation Vol 2"
25	"Bacchylidis Carmina cum fragmentis"
25	"Cornelii Nepotis Vitae"
25	"Euripides Tragedies"
25	"Libanii Opera Vol III Orationes XXVI-L"
25	"Luciani Opera Tomus 3 Libelli 44-68"
25	"Vitae excellentium imperatorum"
25	"فتوح الشام"
24	"De Vita Caesarum Libri VIII"
24	"Isaeus with and English translation"
24	"Liber Nonus A Constantino Magno Usque ad Phocam Imperatorem (306-602)"
24	"Liber Octavus A Trajano Usque Ad Constantinum Magnum 98-306 P.C."
24	"Lucian Vol IV"
24	"P. Terenti Afri Comoediae"
24	"Plutarch's Lives Volume IV"
24	"Plutarch's Lives Volume V"
24	"Plutarch's Lives Volume VI"
24	"Plutarch's Moralia Vol IV 263D-351B"
24	"Plutarchi Chaeronensis Moralia Vol II"
23	"Luciani Opera Tomus I Libelli 1-25"
23	"Septuaginta: Leges et Historia"
23	"Works Vol 2"
23	"الآثار"
22	"Aristides Volume 2"
22	"Bibliotheca scriptorum Graecorum et Romanorum Teubneriana."
22	"Bibliotheca scriptorum Graecorum et Romanorum Teubneriana;"
22	"Discours Tomus II"
22	"Libanii Opera Vol VII Declamationes XXXI-LI Accedit Gregorii Cyprii Adversus Avari Declamationem Libanianam Antilogia"
22	"Minor Attic orators Volume II"
22	"Patrologiae cursus completus Series Latina Volume 73"
22	"Patrologiae cursus completus sive biblioteca universalis, integra, uniformis, commoda, oeconomica, omnium SS. Patrum, doctorum scriptorumque eccelesiasticorum qui ab aevo apostolico ad usque Innocentii III tempora floruerunt ... Volume 73"
22	"Plutarch's Moralia Vol III 172 A- 263C"
22	"Plutarchi Moralia Volume 3"
22	"Quinti Septimii Florentis Tertulliani Quae Supersunt Omnia Tomus I"
22	"Vitae Patrum"
22	"السير الكبير"
21	"De clementia. English."
21	"Dialogi. English."
21	"L. Annaeus Seneca Minor dialogues: together with the dialogue On clemency"
21	"Opera Vol II"
21	"Plutarch's Moralia Vol XII 920A-999B"
21	"Poetae latini minores Volume V"
21	"Scripta minora"
21	"The comedies of Plautus Vol I"
20	"Aristotelis opera Volumen Secundum Aristoteles Graece ex Recognitione Immanuelis Bekkeri Volumen Alterum"
20	"Comoediae Vol 1-2"
20	"Dialogi"
20	"Dialogorum Libros XII"
20	"Dionysii Halicarnasei Opuscula Volume Prius"
20	"Fragments of The Epic Cycle"
20	"Minor Attic orators Volume I"
20	"Plutarch's Lives Volume IX"
20	"Plutarch's Lives Volume VII"
20	"Plutarch's Lives Volume VIII"
20	"Plutarch's morals Volume III"
20	"Scaenicae Romanorum poesis fragmenta Volumen I Tragicorum Romanorum Fragmenta"
20	"The Greek anthology Vol I Christian Epigrams Book I"
20	"The comedies of Plautus Vol II"
20	"Tragoediae"
20	"مسند ابي حنيفه :::: مسند الامام الاعظم"
19	"Anthologia lyrica Volume III Iamborum Scriptores"
19	"Discours"
19	"Historici Graeci minores Vol I"
19	"Libanii Opera Vol VI Declamationes XIII-XXX Accedit Gregorii Cyprii Adversus Corinthiorum Declamationem Libanianam Antilogia"
19	"M. Cornelii Frontonis et M. Aurelii Imperatoris epistulae L. Veri et T. Antonini Pii et Appiani epistularum reliquiae"
19	"Menandrea ex papyris et membranis vetustissimis Accedunt Duae Tabulae Phototypicae"
19	"Rhetores Latini minores"
19	"The works of Lucian of Samosata complete with exceptions specified in the preface Vol 3"
18	"Aeschyli septem quae supersunt tragoediae"
18	"Appian's Roman history Volume I Books I-Book VIII"
18	"Liber Septimus Ab Augusto Usque Ad Trajanam 27 A.C. -98 P.C."
18	"Liber Sextus Ab Eversione Corinthii ad Caesarem Augustum (146-27 a.C.)"
18	"Luciani Opera, Tomus 2 Tomus 2 Libelli 26-43"
18	"Moral essays Vol 1"
18	"Patrologiae Latinae Volume 94"
18	"Patrologiae cursus completus Series Latina Volume XCIV"
18	"Patrologiae cursus completus sive biblioteca universalis, integra, uniformis, commoda, oeconomica, omnium SS. Patrum, doctorum scriptorumque eccelesiasticorum qui ab aevo apostolico ad usque Innocentii III tempora floruerunt ... Volume 94"
18	"Plutarch's Moralia Vol VII 523C-612B"
18	"Suetonius Volume I"
18	"The theological tractates The Consolation of Philosophy"
18	"Venerabilis Bedae Anglosaxonis presbyteri opera omnia"
18	"Venerabilis Bedae, opera omnia"
18	"السنن الماثوره :::: السنه الماثوره عن رسول الله صلى الله عليه وسلم :::: سنن الشافعي الماثوره عن رسول الله صلى الله عليه وسلم"
18	"الموطأ"
17	"Aeschylus with an English translation Vol I"
17	"Bibliotheca scriptorum graecorum et romanorum Teubneriana. [S.g.]"
17	"De agri cultura"
17	"Flavii Philostrati Opera Volume II"
17	"M. Catonis Praeter librum de re rustica quae extant"
17	"Poetae latini minores Volume II"
17	"Poetarum philosophorum fragmenta"
17	"Quinti Septimii Florentis Tertulliani Quae Supersunt Omnia Tomus II"
17	"S. Thasci Caecili Cypriani Opera omnia Pars III Opera Spuria"
17	"Scolia a Lobone Septem Sapientibus Attributa"
17	"The Orations of Demosthenes pronounced to excite the Athenians against Philip, King of Macedon, and on occasions of public deliberation"
16	"Claudii Claudiani Carmina"
16	"Euclidis Opera omnia Vol VIII"
16	"Lives of the Caesars Books V-Book VIII"
16	"Lyra Graeca being the remains of all the Greek lyrik poets from Eumelus to Timotheus excepting Pindar Volume 1"
16	"Orationes Volume IV"
16	"Orationes Volume V"
16	"Petronius, with an English translation by Michael Heseltine Seneca. Apocolocyntosis, with an English translation by W.H.D. Rouse"
16	"Platonis Opera Tomus I Tetralogia I-II"
16	"Plutarch's Lives Volume XI"
16	"Poetae latini minores Volume I"
16	"Prudentius Vol 1"
16	"Remains of old Latin newly edited and translated Vol 1 Ennius and Caecilius"
16	"S. Thasci Caecili Cypriani Opera omnia"
16	"Scripta quae manserunt omnia Partis II, Vol. II"
16	"The Olynthiac and other public orations of Demosthenes Vol I"
16	"The works of Lucian of Samosata complete with exceptions specified in the preface Vol 2"
16	"Theognis Ps.-Pythagoras. Ps.-Phocylides. Chares. Anonymi aulodia. Fragmentum teliambicum"
15	"Archimedis opera omnia cum commentariis Eutocii Volume II"
15	"Bucolici Graeci"
15	"Corpus agrimensorum Romanorum Vol 1, Part I"
15	"Discours, Tomus I Tomus I"
15	"Opera"
15	"Opera Omnia"
15	"Orationes cum deperditarum fragmentis"
15	"P. Ovidius Naso Vol. I."
15	"Plutarch's Moralia Vol I"
15	"The orations of Marcus Tullius Cicero Vol 2 Three orations on the Agrarian law, the four against Catiline, the orations for Rabirius, Murena, Sulla, Archias, Flaccus, Scaurus, etc"
15	"The works of Lucian of Samosata complete with exceptions specified in the preface Vol 1"
15	"The works of Lucian of Samosata complete with exceptions specified in the preface Vol 4"
15	"Vitae Patrum Sive Historiae Eremiticae Libri Decem Appendix ad Monumenta Sex Priorum Ecclesia Saeculorum Book I"
15	"Works Vol 1"
15	"Xenophontis Opera omnia Volume V Opuscula"
14	"Aeschylus with an English translation Vol II"
14	"Commentum in Horatium Flaccum"
14	"Demosthenes With an English translation Vol IV Private Orations Volume 1 Orations XXVII-XL"
14	"Demosthenis orationes Tomus II-Pars I Vol II-Pars I Orationes XX-XXVI"
14	"Demosthenis orationes Tomus II-Pars II Vol II-Pars II Orationes XXVII-XL"
14	"Demosthenis orationes Tomus II-Part II"
14	"LCL 57"
14	"Libanii Opera Vol II Orationes XII-XXV"
14	"Libanii Opera Vol IV Orationes LI-LXIV"
14	"Loeb classical library 254"
14	"Platonis Opera Tomus IV Tetralogia VIII"
14	"Poetae christiani minores Pars I"
14	"Poetae latini minores Volume IV Anthologia Latina Carmina Vergiliana"
14	"Scripta quae manserunt omnia Partis II Vol. III"
14	"Stoicorum veterum fragmenta Volumen I Zeno et Zenonis Discipuli"
14	"The Greek anthology Vol V Arithmetical Problems, Riddles, Oracles Book XIV"
14	"The Loeb classical library 57"
14	"The Roman history of Appian of Alexandria Vol I The Foreign Wars"
14	"The orations of Marcus Tullius Cicero Vol 3 Orations for his house, Plancius, Sextius, Cælius, Milo, Ligarius, etc"
14	"Works"
14	"المسند :::: مسند الشافعي"
13	"Fragmenta"
13	"Oeuvres complètes d'Hippocrate"
13	"Platonis Opera Tomus V Tetralogia IX, Definitiones, et Spuria"
13	"Poetae latini minores Volume IV"
13	"Sancti Aurelii Augustini Opera Sectio V, Pars III De fide et symbolo. De fide et operibus. De agone christiano. De continentia. De bono coniugali. De Sancta virginitate. De bono viduitatis. De adulterinis coniugiis lib. II. De mendacio. Contra mendacium. De opere monachorum. De divinatione daemonum. De cura pro mortuis gerenda. De patientia"
13	"Scholia in Ciceronis orationes Bobiensia"
13	"The complete Greek drama all the extant tragedies of Aeschylus, Sophocles and Euripides, and the comedies of Aristophanes and Menander, in a variety of translations Vol II"
13	"Tragoediae. Greek."
13	"Œuvres complètes"
13	"الجامع الصغير"
12	"Bibliotheca scriptorum Graecorum et Romanorum Teubneriana. Scriptores Romani."
12	"C. Suetoni Tranquilli opera Vol I"
12	"Claudian Vol II"
12	"Duodecim panegyrici Latini"
12	"Euripidis Fabulae Tomus II"
12	"Euripidis Fabulae Tomus III"
12	"Fabulae Tomus II"
12	"Fabulae Tomus III"
12	"Harper's Classical Library"
12	"Harper's classical library"
12	"Hippocrates Volume I"
12	"Homerica"
12	"Isocrates With an English Translation. Vol I"
12	"L'Organon, la Rhétorique et la Poétique d'Aristote, et l' Isagoge de Porphyre"
12	"Libanii Opera Vol V Declamationes I-XII"
12	"Lives of the Caesars"
12	"Musici scriptores graeci Aristoteles, Euclides, Nicomachus, Bacchius, Gaudentius, Alypius et melodiarum veterum quidquid exstat"
12	"Oppian, Colluthus, Tryphiodorus with an English translation"
12	"Orationes Volume I"
12	"Orationes Volume VI"
12	"P. Terenti Afri Comoediae The comedies of Terence"
12	"Plutarch's Moralia Vol V"
12	"Plutarchi Moralia Vol. 2"
12	"Poetae latini minores Volume III"
12	"Q. Horati Flacci Opera"
12	"Sallust"
12	"Sophocles with an English translation Vol 2"
12	"The Lives of the twelve Caesars"
12	"The Loeb classical library 147"
12	"The Loeb classical library. [Greek authors] No. 209"
12	"The comedies of Terence"
12	"XII panegyrici Latini"
12	"Xenophon's Minor Works"
12	"السير والمغازي :::: المغازي"
11	"Anthologie aus den lyrikern der Griechen Erstes Bandchen Die Elegiker Und Iambographen Enthaltend"
11	"Appendix Vergiliana sive carmina minora Vergilio adtributa"
11	"Aristophanes Comedies"
11	"Bibliotheca Scriptorum Graecorum et Romanorum Tebneriana"
11	"Bibliotheca scriptorum Graecorum et Romanorum Teubneriana. [S. g.]"
11	"Bibliotheca scriptorum Graecorum et Romanorum Teubneriana. [Scriptores Graeci"
11	"Bucolicorum graecorum Theocriti, Bionis, Moschi reliquiae"
11	"Comoediae Tomus I"
11	"Comoediae Tomus II"
11	"Comoedias"
11	"Orationes et fragmenta adivnctis Gorgiae, Antisthenis, Alcidamantis, declamationibvs"
11	"P. Vergili Maronis Opera Volume 4 Appendix Vergiliana"
11	"Plutarchi Chaeronensis Moralia Vol VII Plutarchi Fragmenta Vera Et Spuria Multis Accesionibus Locupletata Continens"
11	"Q. Aurelii Symmachi Quae supersunt"
11	"The Loeb classical library. [Latin authors]"
11	"Xenophon Memorabilia, Oeconomicus Symposium, Apology"
11	"اختلاف الحديث"
10	"Appian's Roman history Vol II Books VIII-Book XII"
10	"Arriani Nicomediensis Scripta Minora"
10	"Bibliotheca scriptorum graecorum et romanorum Teubneriana. [S. g.]"
10	"Bibliotheca scriptorum graecorum et romanorum Teubneriana. [S. r.]"
10	"Demosthenes With an English translation Vol 6 Private Orations Volume 3 Orationes L-LVIII, in Neaeram LIX"
10	"Erotici scriptores Graeci Vol I"
10	"Erotikon logon syngrapheis Tomus Prior"
10	"Euripidis Tragoediae Volumen I"
10	"His Opera, 1 [from old catalog]"
10	"Isocrates With an English Translation. Vol II"
10	"Metrologicorum scriptorum reliquiae Quo scriptores Graeci continentur Vol I"
10	"Olynthiacs, Philippics minor public speeches, speech against Leptines"
10	"Orationes Volume II"
10	"Pindari Carmina cum fragmentis"
10	"Plautus Vol I"
10	"Plautus Volume II"
10	"Plautus Volume V"
10	"Quinti Septimi Florentis Tertulliani opera Pars I"
10	"Rhetorica Tomus II"
10	"Sallust, Florus, and Velleius Paterculus"
10	"Sanctii Ambrosii Opera Pars Altera"
10	"Selected orations and letters of Cicero to which is added the Catiline of Sallust"
10	"Selections from Latin Classic Authors Phædrus, Justin, Nepos"
10	"Seneca's Tragedies with an English translation Volume I"
10	"Seneca's Tragedies with an English translation Volume II"
10	"Speeches. Selections"
10	"The Greek anthology Vol IV"
10	"The Loeb classical library. [Greek authors] No. 229"
10	"The complete works of Horace the original text reduced to the natural English order, with a literal interlinear translation"
10	"The complete works of Tacitus The annals. The history. The life of Cnaeus Julius Agricola. Germany and its tribes. A dialogue on oratory"
10	"Virgil and other Latin poets"
10	"Works Vol 3"
10	"تفسير ابن سلام :::: تفسير القرآن"
10	"تفسير القرآن :::: تفسير عبد الرزاق"
10	"جامع ابن وهب :::: جامع الحديث"
9	"Aeneas Tacticus, Asclepiodotus, Onasander"
9	"Anthologia Latina"
9	"Biological writings: Greek and German"
9	"Biologische Schriften: griechisch und deutsch"
9	"Claudii Ptolemaei Opera quae exstant omnia Volumen II Opera Astronomica Minora"
9	"Clement of Alexandria"
9	"Demosthenes With an English translation Vol 5 Private Orations Volume 2 Orations XLI - XLIX"
9	"Epicurea"
9	"Euclidis Opera omnia Vol VII"
9	"Euripidis Tragoediae Volumen II"
9	"Hesiodi quae feruntur Carmina ad optimorum codicum fidem recensuit Ioannes Flach"
9	"Itinera hierosolymitana saecvli IIII-VIII"
9	"LCL 135"
9	"LCL 156"
9	"LCL 321"
9	"Sophocles with an English translation Vol 1"
9	"The Loeb classical library 135"
9	"The genuine works of Hippocrates"
9	"Vitae Vergilianae"
9	"الزهد والرقائق"
8	"Ab urbe condita. English &amp; Latin"
8	"Aliorumque carminum libri tres"
8	"Annaei Senecae Oratorum et rhetorum sententiae divisiones colores"
8	"Aretaiou Kappadokou ta sōzomena The extant works of Aretaeus, the Cappadocian"
8	"Aristophanes with the English translation of Benjamin Bickley Rogers Volume 1"
8	"Aristophanes with the English translation of Benjamin Bickley Rogers Volume 3"
8	"Aristophanis Comoediae Vol 1"
8	"Aristophanis Comoediae Vol 2"
8	"Cicero's Selected Orations"
8	"Cicero. Selections. English &amp; Latin."
8	"Daphnis &amp; Chloe The Love Romances of Parthenius"
8	"De oratore: in two Volumes Vol II De Fato; Paradoxa Stoicorum; De Partione Oratoria"
8	"Demosthenes With an English translation Vol 1 Vol 1: Orationes I-XVII, XX"
8	"Dionysius Periegetes graece et latine"
8	"Diophanti Alexandrini Opera omnia cum graecis commentariis Volume II"
8	"Enchiridion"
8	"Epistolae. Latin. Selections."
8	"Epistulae Volume III"
8	"Euporiston libri III"
8	"Euripidis Fabulae Tomus I"
8	"Fabulae Tomus I"
8	"Fragmenta historicorum graecorum Vol V Pars Prior"
8	"Hephaestionis Enchiridion Accedunt variae metricorum graecorum reliquiae"
8	"Heronis Alexandrini Geometricorum et Stereometricorum reliquiae accedunt Didymi Alexandrini Mensurae marmorum et anonymi variae collectiones ex Herone, Euclide, Gemino, Proclo, Anatolio aliisque"
8	"LCL 404"
8	"Lex Manilia de imperio Cn. Pompei"
8	"Lives of the Caesars Books I-Book IV"
8	"Livy in fourteen volumes Vol XIV Summaries, Fragments and Obsequens"
8	"Lucian Vol VII"
8	"Mediaeval Latin German Latin Lyricists"
8	"Opera philosopha et politica"
8	"Opera quae supersunt omnia Vol 2-Fasc I Mechanica et Catoptrica"
8	"Oratorum romanorum fragmenta ab Appio inde Caeco et M. Porcio Catone usque ad Q. Aurelium Symmachum"
8	"Periēgēsis. Latin and Greek"
8	"Plato with an English Translation Volume 8 Charmides, Alcibiades I and II, Hipparchus, the Lovers, Theages, Minos, Epinomis"
8	"Platonis Opera Tomvs I Tetralogia I-II"
8	"Plautus Volume III"
8	"Plutarch's Moralia Vol XIV 1086C-1147A"
8	"Plutarchi Moralia Vol. 6-Part I"
8	"Poetae latini minores Volume IV Anthologia Latina XII Sapientes- XII-Polysticha"
8	"Q. Aurelii Symmachi v.c. Octo orationvm ineditarvm partes"
8	"S. Hilarii episcopi Pictaviensis opera Pars IV"
8	"The Loeb classical library 404"
8	"The Works of Archimedes"
8	"The odes of Pindar"
8	"الزهد"
7	"Aeschyli Tragoediae"
7	"Aeschyli tragoediae"
7	"Aeschylus the seven plays in English verse"
7	"Aischylos Tragodiai"
7	"Arist.Sens."
7	"Callimachi Hymni et epigrammata."
7	"Corpusculum poesis epicae graecae ludibundae Vol I Parodorum epicorum graecorum Fasc. prior"
7	"De senectute; De amicitia; De divinatione"
7	"De sensu et sensibilibus"
7	"Ennianae poesis reliquiae"
7	"Euclidis Opera omnia Vol VI"
7	"Hymns and Epigrams"
7	"Juvenal and Persius"
7	"LCL 406"
7	"Loeb classical library 214"
7	"Lucius Annaeus Florus, Epitome of Roman history Cornelius Nepos"
7	"Pomponi Porfyrionis Commentum in Horatium Flaccum"
7	"Pomponii Porphyrionis Commentarii in Q. Horatium Flaccum"
7	"Quinti Septimi Florentis Tertulliani opera Pars III"
7	"Sancti Eucherii Lugdunensis Formulae spiritalis intellegentiae, Instructionvm libri duo, Passio agaunensium martyrum, Epistula de laude heremi Accedunt Epistulae ab Salviano et Hilario et Rustico ad Eucherium datae"
7	"Sanctii Ambrosii Opera Pars Prima"
7	"Scriptores physiognomonici graeci et latini Vol I"
7	"Scriptorum classicorum Bibliotheca Oxoniensis."
7	"Sedulii Opera omnia"
7	"Sophoclis Fabulae"
7	"Sophoclis Tragoediae"
7	"The Elegies of Albius Tibullus the Corpus Tibullianum"
7	"The Greek historians The complete and unabridged historical works of Herodotus Volume II"
7	"The Oxford book of Latin verse from the earliest fragments to the end of the Vth century A.D Carmina Duodecim Sapientum"
7	"The genuine works of Hippocrates Volume 2"
7	"The tragedies of Aeschylus literally translated"
7	"The tragedies of Æschylos a new translation with a biographical essay"
7	"The works of Epictetus His Discourses, in Four Books, the Enchiridion, and fragments"
7	"Tragedies of Aeschylus"
7	"Tragedies. English."
7	"Tragicorum graecorum fragmenta papyracea nuper reperta"
7	"ΠΕΡΙ ΑΙΣΘΗΣΕΩΣ ΚΑΙ ΑΙΣΘΗΤΩΝ"
7	"دعاء الصحيفه الكامله"
7	"معاني القرآن"
6	"Acronis et Porphyrionis Commentarii in Q. Horatium Flaccum Vol 2"
6	"Anicii Manlii Severini Boetii Philosophiae consolationis libri quinque"
6	"Archimedis opera omnia cum commentariis Eutocii Volume I"
6	"Archimedis opera omnia cum commentariis Eutocii Volume III"
6	"Aristophanes with the English translation of Benjamin Bickley Rogers Volume 2"
6	"Aristophanis Comoedias Vol II."
6	"Bibliotheca classica"
6	"Bohn's classical library"
6	"C. Sallusti Crispi Catilina, Iugurtha, orationes et epistulae excerptae de historiis"
6	"Catalina, Iugurtha, Historiarum fragmenta selecta C. Sallusti Crispi. Appendix Sallustiana"
6	"Children of Heracles ; Hippolytus ; Andromache ; Hecuba"
6	"Cicero XX"
6	"Cicero in Twenty-Eight Volumes 20"
6	"Cicero's three books of offices or moral duties: also his Cato Major, an essay on old age ; Laelius, an essay on friendship ; paradoxes ; Scipio's dream ; and Letter to Quintus on the duties of a magistrate"
6	"Collection de Médecins Grecs et Latins"
6	"Cornelli Taciti opera minora"
6	"Cypriani Galli poetae Heptateuchos"
6	"De Bospori Navigatione quae supersunt"
6	"De animalium natura libri 17 Vol II Varia historia, Epistolae fragmenta Accedunt rei accipitrariae scriptores Demetrii Pepagomeni Cynosophium. Georgii Pisidae Hexaëmeron, Fragmentum Herculanense"
6	"De inventione; De optimo genere oratorum; Topica"
6	"Declamationes quae exstant duae"
6	"Demosthenes With an English translation Vol III Against Meidias, Androtion, Aristocrates, Timocrates, Aristogeiton, (Orations XXI-XXVI)"
6	"Dionysiou Vyzantiou Anaplous Vosporou"
6	"Epigrammata"
6	"Erotici scriptores Graeci Vol II"
6	"Erotikon logon syngrapheis Tomus Alter"
6	"Euripides Children of Heracles; Hippolytus ; Andromache ; Hecuba"
6	"Euripides Cyclops; Alcestis; Medea"
6	"Euripidis Tragoediae Volumen III Euripidis Perditarum Traegoediarum Fragmenta"
6	"Fabulae Tomus II Supplices, Electra, Heracles, Troades, Iphigenia in Tauris, Ion"
6	"Fausti Reiensis praeter sermones pseudo-eusebianos opera"
6	"Horace for English readers being a translation of the poems of Quintus Horatius Flaccus into English prose"
6	"Horace the Odes and Epodes"
6	"Imperatoris Caesaris Augusti Operum fragmenta"
6	"LCL 154"
6	"LCL 256"
6	"LCL 337"
6	"LCL 69"
6	"Libanii Opera Vol I Fasc. II Orationes VI-XI"
6	"Loeb classical library 387"
6	"Loeb classical library ; 12"
6	"Loeb classical library ; 484"
6	"Loeb classical library ; LCL 484"
6	"Luciferi Calaritani Opuscula"
6	"Martial epigrams Vol 2 Book VIII-Book XIV"
6	"Morris and Morgan's Latin series"
6	"Mythographi graeci Vol 1 Apollodori Bibliotheca, Pediasmi Libellus De Duodecim Herculis Laboribus"
6	"Nicephori Archiepiscopi Constantinopolitani Opuscula historica."
6	"Opuscules philosophiques (Du dieu de Socrate, Platon et sa doctrine, Du monde) et fragments"
6	"Ovid with an English translation: Tristia Ex Ponto"
6	"P. Ovidius Naso ex Iterata R. Merkelii Recognitione Vol. III."
6	"Philostratus, Imagines Callistratus, Descriptions"
6	"Plautus Volume IV"
6	"Plutarch's Moralia Vol XIII Part I"
6	"Plutarch's Moralia Vol XIII Part II"
6	"Plutarchi Chaeronensis Moralia Vol IV"
6	"Plutarchi Moralia Vol. 6-Part II"
6	"Prudentius Vol 2"
6	"Publii Terentii Comoediae sex"
6	"Q. Horati Flacci Carmina"
6	"Quinti Horati Flacci opera"
6	"Quod fertur Commentum Terenti Accedunt Eugraphi Commentum Et Scholia Bembina Volumen III Pars Prior Evgraphi Commentum Continens"
6	"Sancti Aurelii Augustini Opera Sect VI Pars I De utilitate credendi, De duabus animabus, Contra Fortunatum Manichaeum, Contra Adimantum, Contra epistulam fundamenti, Contra Faustum"
6	"Scripta quae manserunt omnia Pars I Opera Rhetorica Vol II"
6	"Scripta quae manserunt omnia Partis III Vol. II"
6	"Scriptores metrici graeci Vol 1 Hephaestionis De metris enchiridion et De poemate libellus, cum scholiis et Trichae Epitomis, adjecta Procli Chrestomathis grammatica"
6	"Seneca's morals by way of abstract to which is added a discourse under the title of an introduction"
6	"Six dialogues of Lucian"
6	"Skolia Attributed to the Sages"
6	"The Greek anthology Vol I The Proems of the Different Anthologies Book IV"
6	"The Loeb classical library 154"
6	"The Loeb classical library [from old catalog]"
6	"The Speeches of Aeschines"
6	"The discourses of Epictetus with the Encheiridion and fragments"
6	"The life of Apollonius of Tyana the Epistles of Apollonius and the Treatise of Eusebius Vol II"
6	"The three literary letters (Ep. ad Ammaeum I, Ep. ad Pompeium, Ep. ad Ammaeum II)"
6	"Tragoediae. English &amp; Greek."
6	"احاديث الاشيب :::: احاديث القاضي الاشيب"
6	"الدعاء"
6	"الصحيفه السجاديه::::الصحيفه الكامله"
6	"المفضليات :::: ديوان المفضليات"
6	"تفسير القرآن :::: تفسير مجاهد"
6	"توحيد المفضل :::: كتاب التوحيد"
6	"حديث :::: حديث آدم بن ابي اياس العسقلاني"
6	"سيره عمر بن عبد العزيز"
6	"مسند ابي داود الطيالسي :::: مسند الطيالسي"
5	"A Théodore"
5	"Acronis et Porphyrionis Commentarii in Q. Horatium Flaccum Vol 1"
5	"Aeschines Orationes"
5	"Anthologia lyrica Volume IV Poetae Melici, Monodia"
5	"Archimède Tome III Des corps flottants, stomachion, la méthode, le livre des lemmes, le problème des boeufs"
5	"Aristophanis Comoedias Vol I."
5	"Aristoxenus von Tarent Melik und Rhythmik des Classischen Hellenenthums II. Band"
5	"C. Ivli Caesaris Commentariorvm pars prior qva continentvr Libri III De bello civili, cvm libris incertorvm avctorvm de bello alexandrino africo hispaniensi"
5	"C. Juli Caesaris Commentariorum pars prior qua continentur Libri III De bello civili, cum libris incertorum auctorum de bello alexandrino africo hispaniensi"
5	"Carmina cum frangmentis selectis"
5	"De ostentis"
5	"Epictetus the discourses as reported by Arrian, the manual, and fragments Volume 2"
5	"Epicuri epistulae tres et ratae sententiae a Laertio Diogene servatae Accedit Gnomologium Epicureum Vaticanum"
5	"Epinicia"
5	"Epistola ad Theodorum."
5	"Epitomae De Tito Livio Bellorum Ominum Annorum"
5	"Epitomae de Tito Livio bellorvm omnivm annorvm DCC libri dvo"
5	"Epitome Bell. Omn. Ann. DCC"
5	"Epitome de T. Livio"
5	"Epitome of Roman History"
5	"Eustratii et Michaelis et anonyma in ethica Nicomachea commentaria"
5	"Fabii Planciadis Fulgentii v. c. Opera accedunt Fabii Claudii Gordiani Fulgentii v. c. De aetaibus mundi et hominis et S. Fulgentii Episcopi Super Thebaiden"
5	"Flavii Philostrati Opera Volume I"
5	"Funeral eulogies upon military men"
5	"Germanici Caesaris Aratea Accedunt Epigrammata"
5	"Greek melic poets"
5	"Heronis Alexandrini Opera quae supersunt omnia Vol 1 Pneumatica et Automata"
5	"Historici Graeci minores Vol II"
5	"L. Caeli Firmiani Lactanti Opera omnia Pars II, Fasc I Libri De opificio Dei et De ira Dei ; Carmina ; Fragmenta ; Vetera de Lactantio testimonia"
5	"LCL 136"
5	"Libanii Opera Vol I Fasc. I Orationes I-V"
5	"Liber de ostentis et calendaria graeca omnia"
5	"Loeb Classial Library"
5	"M. Tullii Ciceronis Opera philosopha et politica Vol II"
5	"Opuscula historica"
5	"Orationum Ciceronis quinque enarratio. English &amp; Latin"
5	"Orationvm Ciceronis qvinqve enarratio"
5	"P. Optatiani Porfyrii Carmina"
5	"Pindari Carmina cum fragmentis selectis"
5	"Poetae lyrici Graeci Collegit Theodorus Bergk Part I, Vol I Pindari Carmina"
5	"Sancti Aureli Augustini Opera Sectio VIII, Pars II De perfectione ivstitiae hominis, De gestis Pelagii, De gratia Christi et de peccato originali libri dvo, De nvptiis et concvpiscentia ad Valerivm comitem libri dvo"
5	"Scripta Minora"
5	"Scripta quae manserunt omnia Partis II, Vol I"
5	"Scripta quae manserunt omnia Partis IV Vol. II"
5	"Scriptorum classicorum biblioteca oxoniensis. [Script. lat.]"
5	"Siegesgesänge und Fragmente"
5	"Statius Volume I"
5	"Statius Volume II"
5	"Sulpicii Severi libri qui supersunt"
5	"The Loeb classical library [Greek authors]"
5	"The complete Greek drama all the extant tragedies of Aeschylus, Sophocles and Euripides, and the comedies of Aristophanes and Menander, in a variety of translations Vol I"
5	"The orations of Marcus Tullius Cicero Vol 1 Orations for Quintius, Sextus Roscius, Quintus Roscius, against Quintus Cæcilius, and against Verres"
5	"The works of Apuleius, comprising the Metamorphoses, or Golden ass the God of Socrates, the Florida, and his Defence, or A discourse of magic. A new translation. To which are added, a metrical version of Cupid and Psyche, and, Mrs. Tighe's Psyche, a poem in six cantos."
5	"Theriaca et Alexipharmaca"
5	"Ton palaion Thoukydidou, Platonos, Lysiou, Xenophontos, epitaphioi"
5	"الجامع في الحديث"
5	"الفرائض"
5	"المسند"
5	"كتاب الخراج"
5	"مجاز القرآن"
4	"Alexander von Tralles I. Band"
4	"Alexandri Scripta Minora Reliqua"
4	"Apulei Madaurensis Opuscula quae sunt de philosophia"
4	"Apulei Platonici Madaurensis De Philosophia Libri"
4	"Archimède Tome II Des spirales, de l'équilibre des figures planes, l'arénaire, la quadrature de la parabole"
4	"Autolyci De sphaera quae movetur liber De Ortibus et Occasibus Libri Duo"
4	"Bibliotheca scriptorum Graecorum et Romanorum Teubneriana : [Scriptores Romani]"
4	"Bibliotheca scriptorum Graecorum et Romanorum Teubneriana. [S. g.] [from old catalog]"
4	"Bibliotheca scriptorum Graecorum et Romanorum Teubneriana. [Scriptores Romani]"
4	"Bibliotheca scriptorum Graecorum et Romanorum Teubneriana: [Scriptores Romani]"
4	"Brutus, Orator"
4	"Carmen astrologicum"
4	"Carmina Duodecim Sapientum"
4	"Catilinae coniuratio Bellum Iugurthinum. Orationes et epistulae excerptae de historiis. Epistulae ad Caesarem senem"
4	"Cicero XIX"
4	"Cicero on oratory and orators, with his letters to Quintus and Brutus"
4	"Cicero's essays on old age and friendship and Cicero's Oration for Milo"
4	"Compendium of Roman history Res Gestae divi Augusti"
4	"Cornelii Taciti libri qui supersunt Tomus Posterior Historias et Libros Minores Continens"
4	"Damianos Schrift über Optik"
4	"De Caesaribus"
4	"De natura deorum; Academica"
4	"De re rustica. English and Latin"
4	"Demosthenes With an English translation Vol 7 Funeral speech (Oration LX). Erotic essay. (Oration LXI), Exordia and Letters"
4	"Dinarchi Orationes adiectis Demadis qui fertur fragmentis 'Uper tes dodekaetias"
4	"Diophanti Alexandrini Opera omnia cum graecis commentariis Volume I"
4	"Dissertationes ab Arriano digestae ad fidem codicis Bodleiani recensuit Henricus Schenkl"
4	"Dorothei Sidonii Carmen astrologicum interpretationem Arabicam in linguam Anglicam versam una cum Dorothei fragmentis et Graecis et Latinis"
4	"Eisagōgē eis ta phainomena"
4	"Enquiry into plants and minor works on odours and weather signs Vol 2"
4	"Epistles"
4	"Epistolae ad familiares. English and Latin."
4	"Epistolae. Latin."
4	"Epistulae"
4	"Epistulae ad familiares"
4	"Euclidis Opera omnia Vol IV"
4	"Factorum et dictorum memorabilium libri novem cum Iulii Paridis et Ianuarii Nepotiani epitomis"
4	"Fragmenta De Mensuris Porrectis et Quadratis"
4	"Gemini Elementa astronomiae"
4	"Geminon Eisagōgē eis ta phainomena"
4	"Herondae Mimiambi accedunt Phoenicis Coronistae, Mattii Mimiamborvm fragmenta"
4	"Historia Romana"
4	"Historiae Romanae"
4	"L. Annaei Senecae Oratorum et rhetorum sententiae, divisiones, colores"
4	"LCL 268"
4	"Latin School Series"
4	"Liber de Caesaribus"
4	"Lives of the Sophists"
4	"Martial epigrams"
4	"Menandri Sententiae"
4	"Menandri Sententiae Comparatio Menandri et Philistionis"
4	"Menandrou gnōmai"
4	"Mimiambi"
4	"On the nature of the gods; On divination; On fate; On the republic; On the laws; and On standing for the consulship"
4	"Opuscula"
4	"Opuscula Tria"
4	"Orationes Volume III"
4	"Oratorum et rhetorum sententiae, divisiones, colores"
4	"Oxford Classical Text Series"
4	"Philostratus and Eunapius the lives of the Sophists"
4	"Plato in twelve volumes Volume 2 Laches ; Protagoras ; Meno ; Euthydemus"
4	"Plato in twelve volumes: with an English translation Timaeus, Critias, Cleitophon, Menexenus [and] Epistles. Vol 9"
4	"Plutarch's Moralia Vol XI"
4	"Plutarch's Moralia Vol XV Fragments"
4	"Poetae latini minores Volume 5"
4	"Res Rustica"
4	"Sancti Aurelii Augustini Opera Sect VI Pars II De natura boni, Epistula Secundini, Contra Secundinum Accedunt Evodii de fide contra Manichaeos et Commonitorium Augustini quod fertur"
4	"Scriptores physiognomonici graeci et latini Vol II"
4	"Sententiae"
4	"Sexti Aurelii Victoris Liber de Caesaribus Praecedunt De viris illustribus urbis Romae et liber Origo gentis Romanae, subsequitur Epitome de Caesaribus"
4	"Sexti Aurelii Victoris Liber de Caesaribus praecedunt, Origo gentis romanae et Liber de viris illustribus urbis Romae, subsequitur Epitome de Caesaribus"
4	"Sextis Aurelius Victoris Liber de Caesaribus Praecedunt Origo gentis Romanae et Liber De viris illustribus urbis Romae subsequitur Epitome de Caesaribus"
4	"The Art of Love in Three Books The remedy of love. The art of beauty. The court of love. The history of love &amp; amours."
4	"The Greek anthology Vol V"
4	"The Institutio oratoria of Quintilian"
4	"The Loeb Classical library"
4	"The Loeb classical library 268"
4	"The Loeb classical library. [Greek authors] Vol 21"
4	"The Stratagems, and the Aqueducts of Rome, with an English translation"
4	"The correspondence of Marcus Cornelius Fronto with Marcus Aurelius Antoninus Vol 1"
4	"The letters to his friends with an English translation Volume III Book XIII-Book XVI"
4	"The library"
4	"The odes of Pindar, including the principal fragments"
4	"The works of Flavius Josephus the learned and authentic Jewish historian, to which are added three dissertations concerning Jesus Christ, John the Baptist, James the Just, God's command to Abraham, etc."
4	"Twenty Eight Volumes of Cicero Number 19"
4	"Vitae sophistarum"
4	"Xenophon Anabasis Books IV-VIII and Symposium and Apology"
4	"Xenophontis Opera omnia Volume II Commentarii, Oeconomicus, Convivium, Apologia Socratis"
4	"Xenophontis opera omnia Tomus II Commentarii, Oeconomicus, Convivium, Apologia Socratis"
4	"al-Muwaṭṭaʾ"
4	"Œuvres spirituelles"
4	"احاديث ابن عيينه :::: جزء فيه احاديث سفيان بن عيينه"
4	"الامالي"
4	"الجمل في النحو"
4	"الخيل :::: كتاب الخيل"
4	"الرسالة"
4	"الرساله"
4	"القدر :::: كتاب القدر وما ورد في ذلك من الآثار"
4	"المغازي :::: مغازي الواقدي"
4	"مسند الحميدي"
3	"Ab urbe condita libri Book XXXXV and Fragments"
3	"Anicii Manlii Torquati Severini Boetii De institutione arithmetica libri duo De institutione musica libri quinque. Accedit geometria quae fertur Boetii"
3	"Anthologia lyrica Volume II"
3	"Aphthonii Progymnasmata accedunt anonymi aegyptiaci, sopatri, aliorum fragmenta"
3	"Apotelesmaticorum qui feruntur libri VI accedunt Dorothei et Annubionis fragmenta astrologica."
3	"Archimède Tome I De la sphère et du cylindre. La mesure du cercle. Sur les conoïdes et les sphéroïdes."
3	"Archimède Tome IV Commentaires d'Eutocius et fragments"
3	"Aristotelis De animalium motione et De animalium incessu"
3	"Aristotle in twenty-three volumes. Volume 18"
3	"Bohn's Libraries"
3	"C. Mvsonii Rvfi reliquiae"
3	"C. Sallusti Crispi Catilina, Iugurtha, Framenta ampliora"
3	"Carmina: Oden und Epoden"
3	"Censorini De die natali liber"
3	"Claudiani Mamerti opera"
3	"Constitution of Athens"
3	"Cornelii Taciti opera minora"
3	"Corpus poetarum epicorum graecorum Vol VII Manethoniana"
3	"Cratylus : Parmenides ; Greater Hippias ; Lesser Hippias"
3	"De die natali"
3	"Demosthenes Olynthiacs I-III"
3	"Elegiae"
3	"Elements of ethics. German"
3	"Epigrams in Fifteen Books"
3	"Epistola ad Corinthios I"
3	"Epistola ad Corinthios II"
3	"Epistola ad Philippenses"
3	"Epistolae"
3	"Epitome rerum Romanarum"
3	"Euclidis Opera omnia Vol V"
3	"Hellenica Oxyrhynchia"
3	"Heronis Alexandrini Opera quae supersunt omnia Vol 2-Fasc I Mechanica et Catoptrica"
3	"Hierokles Ethische Elementarlehre (Papyrus 9780) Nebst den bei Stobäus erhaltenen Ethischen Exzerpten aus Hierokles"
3	"Kitāb al-kharāj"
3	"Kitāb al-ʻAyn"
3	"Loeb Classical Library 167"
3	"Loeb classical library 166"
3	"Loeb classical library 398"
3	"M. Tulli Ciceronis scripta quae manserunt omnia Fasc. 47 Cata Maior, Laelius, De Gloria"
3	"M. Tullii Ciceronis Opera philosopha et politica Vol I"
3	"M.Tulli Ciceronis Scripta quae manserunt omnia Fasc. 46 De Divinatione, De Fato, Timaeus"
3	"Maximi et Ammonis carminum De actionum auspiciis reliquiae Accedunt Anecdota astrologica"
3	"Michaelis Ephesii in libros de partibus animalium, de animalium motione, de animalium incessu commentaria"
3	"Moral essays Vol 3"
3	"Octavius"
3	"Opera minora"
3	"Oresteia. English"
3	"P. Ovidius Naso Vol. III. Fasc. 1"
3	"P. Vergili Maronis opera"
3	"Plato in twelve volumes: with an English translation Vol 1 Euthyphro, Apology, Crito, Phaedo, Phaedrus"
3	"Plutarchi Moralia Vol. 4"
3	"Plutarchi Moralia Volume 5-Part III"
3	"Plutarchi Moralia Volume 6, Part III"
3	"Plutarchi Moralia, Vol. 4"
3	"Poems and letters Vol I"
3	"Priscilliani quae supersunt Accedit Orosii Commonitorium de errore Priscillianistarum et Origenistarum"
3	"Publilii Optatiani Porfyrii Carmina"
3	"Quod fertur Commentum Terenti Accedunt Eugraphi Commentum Et Scholia Bembina Volumen I"
3	"Quod fertur Commentum Terenti Accedunt Eugraphi Commentum Et Scholia Bembina Volumen II"
3	"Salviani presbyteri Massiliensis opera omnia"
3	"Sancti Aurelii Augustini Opera Sect I Pars III Contra academicos libri tres; De beate vita liber unus, De ordine libri duo."
3	"Sancti Aurelii Augustini Opera Sect III Pars I De Genesi ad litteram libri duodecim.; De Genesi ad litteram inperfectus liber. Locutionum in Heptateuchum libri septem"
3	"Sancti Aurelii Augustini Scripta contra Donatistas Opera Sectio 7, Pars 1 Psalmus contra partem Donati; Contra epistulam Parmeniani libri tres; De baptismo libri septem"
3	"Sancti Aurelii Augustini Scripta contra Donatistas Opera Sectio 7, Pars 2 Contra litteras Petiliani libri tres, epistula ad catholicos de secta Donatistarum, contra Cresconium libri quattuor"
3	"Sancti Aurelii Augustini Scripta contra Donatistas Opera Sectio 7, Pars 3 Liber de unico baptismo, Breviculus collationis com Donatistis, Contra partem Donati post gesta, Sermo ad Caesariensis ecclesiae plebem, Gesta cum emerito Donatistarum episcopo, Contra gaudentium Donatistarum episcopum libri II"
3	"Scripta quae manserunt omnia Partis III Vol. I"
3	"Scripta quae manserunt omnia Partis IV Vol. I"
3	"Scytharum colloquia quae inscribuntur Toxaris, Scytha, Anacharsis cum scholiis"
3	"Strategematon libri octo"
3	"T. Livi. Ab urbe condita libri Zehnter Band Zweites Heft Buch XXXXV und Fragmente"
3	"Tertullian, Apology, De spectaculis"
3	"The Academic questions treatise De finibus and Tusculan disputations of M. R. Cicero, with a sketch of the Greek philosophers mentioned by Cicero"
3	"The Apostolic fathers Volume 1"
3	"The Athenian constitution the Eudemian ethics; On virtues and vices"
3	"The Bucolics, Æneid, and Georgics of Virgil"
3	"The Germania and Agricola and also, Selections from the Annals of Tacitus"
3	"The Loeb classical library. Latin authors"
3	"The Loeb classical library. [Greek authors]"
3	"The Loeb classical library. [Greek authors] Vol 20"
3	"The Metaphysics Vol II"
3	"The Oresteia of Aeschylus"
3	"The correspondence of M. Tullius Cicero arranged according to its chronological order; with a revision of the text, a commentary, and introductory essays Vol VI"
3	"Thebais et Achilleis"
3	"Three tragedies: Hercules Furens, Troades, Medea"
3	"Tibulls Elegien"
3	"Victoris episcopi Vitensis Historia persecutionis Africanae provinciae"
3	"Vitae Patrum Sive Historiae Eremiticae Libri Decem Appendix ad Monumenta Sex Priorum Ecclesia Saeculorum Book IV Excerpta Ex Severo Sulpicio Et Cassiano"
3	"Xenophontis Opera omnia Volume II Oeconomicus, Convivium, Apologia Socratis"
3	"al-Muṣannaf"
3	"al-Risālah"
3	"أمثال العرب"
3	"احكام القرآن"
3	"الأمثال"
3	"الادب الصغير"
3	"الاصل في الفروع"
3	"السيرة النبوية"
3	"الشاء"
3	"القوافي"
3	"المغازي"
3	"المفضليات"
3	"الموطأ :::: قطعه من كتاب الموطأ::::موطأ مالك"
3	"الموطأ::::الموطأ بروايه يحيى بن يحيى الليثي :::: موطأ مالك"
3	"الناسخ والمنسوخ"
3	"الناسخ والمنسوخ في كتاب الله تعالى"
3	"امثال العرب"
3	"تفسير القرآن"
3	"تفسير يحيى بن سلام::::تفسير ابن سلام :::: تفسير القرآن الكريم"
3	"جمهرة أشعار العرب"
3	"جمهرة أنساب العرب"
3	"جمهره النسب"
3	"خلق الانسان"
3	"ديوان لبيد"
3	"صحيفه همام بن منبه"
3	"مجالس ابن القاسم"
3	"مسند أبي داود الطيالسي"
3	"منتخب الكلام في تفسير الأحلام"
3	"نسب معد واليمن الكبير"
2	"A. Cornelii Celsi quae supersunt"
2	"A. Persi Flacci et D. Ivni Ivvenalis Satvrae"
2	"AG 5.86"
2	"AP 5.86"
2	"Academicorum reliquiae cum Lucullo"
2	"Aelii Dionysii et Pausaniae Atticistarum fragmenta"
2	"Ailiou Dionysiou kai Pausaniou onomata Attika"
2	"Alexander von Tralles II. Band"
2	"Ammonii qvi dicitvr Liber de adfinivm vocabvlorvm differentia"
2	"Anaphoricus"
2	"Apicii librorum x qui dicuntur De re coquinaria quae extant"
2	"Appendix Sallustiana Fasc 2 Invectivae"
2	"Aristarchs Homerische Textkritik nach den Fragmenten des Didymos Zweiter Theil Studien zur Beurtheilung der Homerkritik Aristarch's und seiner Gegner."
2	"Aristarchus of Samos, the ancient Copernicus a history of Greek astronomy to Aristarchus, together with Aristarchus's Treatise on the sizes and distances of the sun and moon"
2	"Aristoteles Topica cum Liber De sophisticis elenchis"
2	"Aristotelis Ethica Eudemia Eudemi Rhodii ethica; adiecto De virtutibus et vitiis libello"
2	"Aristotle: The poetics. "Longinus": On the sublime. Demetrius: On style."
2	"Arrian Vol II"
2	"Arrian's Anabasis of Alexander and Indica"
2	"Aureli Augustini Hipponensis episcopi Liber qui appellatur Speculum et Liber de divinis scripturis sive Speculum quod fertur S. Augustini."
2	"Babrii Fabulae Aesopeae"
2	"Bacchylides The poems and fragments"
2	"Bibliotheca scriptorum Graecorum et Eomanorum Teubneriana [Scriptores Romani;"
2	"Bohn's classical library Vol. 47"
2	"Bucolica et Georgica"
2	"C. Iuli Caesaris Commentariorum pars prior qua continentur libri VII De bello gallico cum A. Hirti supplemento"
2	"C. Iulii Caesaris Commentarii de bello gallico"
2	"C. Plini Caecili Secundi Epistularum libri novem, Epistularum ad Traianum liber, Panegyricus"
2	"C. Plini Caecili Secundi epistularum libri novem Epistularum ad Traianum Liber, Panegyricus"
2	"C. Plini Caecili Secundi epistularum libri novem, Epistularum ad Traianum liber, Panegyricus"
2	"C. Sollius Apollinaris Sidonius"
2	"Categoriae et Liber de interpretatione"
2	"Cato maior de senectute, Laelius de amicitia"
2	"Claudii Ptolemaei Opera quae exstant omnia Volumen III, Part II De judicandi facultate et animi principatu, Fructus sive centiloquium"
2	"Commodiani Carmina"
2	"Convivium Phaedrus"
2	"Corpus Poetarum Latinorum Vol 2"
2	"Corpus iuris civilis Volumen Primum"
2	"Corpus scriptorum ecclesiasticorum Latinorum Volume 3, Part I"
2	"Cratylus et Theaetetus"
2	"Damascii Successoris Dubitationes et Solutiones De primis Principiis, in Platonis Parmenidem, Pars Prior-Pars Altera"
2	"De Beneficiis, De Clementia Libri VII"
2	"De adfinium vocabulorum differentia"
2	"De bello peloponnesiaco libri octo Graece et latine Volumen Primum Book I"
2	"De divenatione. De fato. Latin."
2	"De incessu animalium"
2	"De lingua latina libri Accedunt Grammaticorum Varronis Librorum Fragmenta"
2	"De medicina. Latin."
2	"De re coquinaria"
2	"De re publica; De legibus"
2	"De verborum significatione. Latin."
2	"De verborum significatu quae supersunt cum Pauli epitome"
2	"Demosthenes With an English translation Vol 2 Vol 2: De Corona, De Falsa Legatione (Orationes XVIII, XIX)"
2	"Demosthenis orationes, Tomus III Orationes XLI-LXI. Prooemia. Epistulae"
2	"Des Hypsikles Schrift Anaphorikos nach Überlieferung und Inhalt kritisch behandelt"
2	"Die Satiren und Briefe"
2	"Die Satiren und Briefe des Horaz"
2	"Digestorum artis mulomedicine libri"
2	"Dio's Annals of Rome Volume I"
2	"Dionis Prusaensis quem vocant Chrysostomum quae extant omnia Vol. 2"
2	"Dionysii Halicarnasei Opuscula Volume Two Fasc I"
2	"Dracontii Carmina minora plurima inedita ex codice neapolitano"
2	"Eclogae et Georgica"
2	"Epigrams of the Planudean Anthology Not in the Pallatine Manuscript Book XVI"
2	"Epistulae ex Ponto. English"
2	"Epitome rerum Romanarum. Latin."
2	"Erotiani vocum Hippocraticarum collectio cum fragmentis"
2	"Euclidis Opera omnia Vol 1"
2	"Euclidis Opera omnia Vol II"
2	"Euclidis Opera omnia Vol III"
2	"Eugippi Opera Pars I"
2	"Eusebii Caesariensis Opera Vol IV Historiae Ecclesiasticae Libri I-X"
2	"Fabulae"
2	"Fabulae Aesopiae"
2	"Facta et Dicta Memorabilia"
2	"Futūḥ al-Shām"
2	"Geographical works"
2	"Gorgias, Meno"
2	"Harpocration et Moeris"
2	"Heronis Alexandrini Opera quae supersunt omnia Vol 3 Rationes dimetiendi et Commentatio dioptrica"
2	"Heronis Alexandrini opera quae supersunt omnia Vol 3 Rationes dimetiendi et Commentatio dioptrica"
2	"Historiarum adversum paganos libri VII Accedit eiusdem Liber apologeticus"
2	"History of the Peloponnesian War"
2	"History of the Peloponnesian War. Latin &amp; Greek. 1588"
2	"Homeri Opera"
2	"Horace Odes and epodes"
2	"Hypotyposis astronomicarum positionum. German &amp; Greek"
2	"Hypotypōsis astronomicarum positionum"
2	"Hypotypōsis tōn astronomikōn hypotheseōn"
2	"In Ciceronem et invicem invectivae"
2	"Iordanis Romana et Gethica"
2	"Kitāb al-jihād"
2	"Kitāb al-khayl"
2	"Kitāb al-riddah"
2	"L. Caeli Firmiani Lactanti Opera omnia Pars I Divinae institutiones et Epitome divinarum institutionum"
2	"Lake classical series"
2	"Libellus de sublimitate Dionysio Longino fere adscriptus accedunt excerpta quaedam e Cassii Longini operibvs"
2	"Lycurgi Oratio in Leocratem cum ceterarum Lycurgi orationum fragmentis"
2	"Lysis ; Symposium ; Gorgias"
2	"M. Minucii Felicis Octavius Iulii Firmici Materni Liber de errore profanarum religionum"
2	"M. Tulli Ciceronis Scripta Quae Manserunt Omnia Fasc. 42 Academicorum reliquiae cum Lucullo"
2	"M. Tullii Ciceronis De divinatione libri duo; libri de fato quae manserunt"
2	"M. Tullii Ciceronis De officiis ad Marcum filium libri tres, Paradoxa stoicorum, Timaeus"
2	"Macrobius"
2	"Marche des animaux Mouvement des animaux"
2	"Maʻānī al-Qurʾān"
2	"Mouvement des animaux"
2	"Musa Puerilis Book XII"
2	"Muwaṭṭaʼ al-Imām Mālik"
2	"Mythographi graeci Vol 2"
2	"Mythographi graeci Vol 2, Fasc. I Supplem."
2	"Nicephori Basilacae Orationes et epistolae"
2	"Odes"
2	"On agriculture and trees Volume III Res Rustica X-XII De Arboribus"
2	"Opera quae supersunt omnia"
2	"Oratio in Leocratem"
2	"Orationes et epistolae"
2	"Orations"
2	"P. Ovidius Naso Vol. III. Fasc. II."
2	"P. Vergili Maronis Opera Volume 1 Bucolica et Georgica"
2	"Palladii Rutilii Tauri Aemiliani viri inlustris Opus agriculturae"
2	"Phaedri Augvsti Liberti Fabulae Aesopiae"
2	"Planudean Appendix"
2	"Plato in twelve volumes: with an English translation Vol 1"
2	"Platonis Cratylus et Theaetetus"
2	"Platonis Gorgias Meno"
2	"Platonis Opera Vol V"
2	"Platonis Timaeus"
2	"Platonis convivium Phaedrus"
2	"Plinii Secundi quae fertur una cum Gargilii Martialis Medicina"
2	"Poetae latini minores Volume IV Anthologia Latina XII Sapientes XII-Polysticha"
2	"Pompei Trogi Fragmenta"
2	"Pro Milone"
2	"Pro Milone. Latin."
2	"Procli Diadochi Hypotyposis astronomicarum positionum"
2	"Proklou Diadochou Hypotyposis tōn astronomikōn hypotheseōn"
2	"Remains of old Latin newly edited and translated Vol 3 Lucilius -- The Twelve Tables"
2	"Rhetorica Tomus I"
2	"Roman farm management the treatises of Cato and Varro done into English, with notes of modern instances"
2	"Roman history. English"
2	"S. Optati Milevitani libri VII"
2	"Sancti Aureli Augustini Opera Sectio VIII, Pars I De peccatorum meritis et remissione et de baptismo parvulorum, De spiritu et littera, De natura et gratia, De natura et origine animae, Contra duas epistulas Pelagianorum."
2	"Sancti Aureli Augustini Opera Sectio VIII, Pars I De peccatorum meritis et remissione et de baptismo parvulorum; De spiritu et littera, De natura et gratia, De natura et origine animae, Contra duas epistulas Pelagianorum."
2	"Sancti Aurelii Augustini Opera Sect III Pars III Quaestiones in Heptateuchum, Adnotationes in Iob"
2	"Sancti Aurelii Augustini Scripta contra Donatistas Opera Sectio 7, Pars 3 Liber de unico baptismo ; Breviculus collationis com Donatistis ; Contra partem Donati post gesta ; Sermo ad Caesariensis ecclesiae plebem ; Gesta cum emerito Donatistarum episcopo ; Contra gaudentium Donatistarum episcopum libri II"
2	"Scripta quae manserunt omnia Fasc. 33"
2	"Scripta quae manserunt omnia Pars I Opera Rhetorica Vol I"
2	"Scriptorum classicorum bibliotheca oxoniensis. [Script. lat.]"
2	"Servii Grammatici qui feruntur In Bucolica et Georgica commentari"
2	"Sextus Empiricus"
2	"Silvae"
2	"Statius Volume I-II"
2	"Strategematicon libri quattuor eiusdem De aquae ductibus urbis Romae"
2	"Tafsīr Muqātil ibn Sulaymān"
2	"Tahdhīb Sīrat Ibn Hishām"
2	"The Aeneid of Vergil, books I-VI, and the Metamorphoses of Ovid, selections"
2	"The Anabasis, or, Expedition of Cyrus, and the Memorabilia of Socrates"
2	"The Book of Cornelius Nepos on the Great Generals of Foreign Nations"
2	"The Convivial and Satirical Epigrams Book XI"
2	"The Cyropaedia, or, Institution of Cyrus, and the Hellenics, or Grecian history"
2	"The English works of Thomas Hobbes of Malmesbury Vol VIII-IX"
2	"The Greater poems of Virgil Volume I"
2	"The Greek anthology Vol I Book II"
2	"The Greek anthology Vol I Book III"
2	"The Greek romances of Heliodrus, Longus, and Achilles Tatius compromising the Ethiopics; or, Adventures of Theagenes and Chariclea; The pastoral amours of Daphnis and Chloe; and The loves of Clitopho and Leucippe"
2	"The History of Rome Volume IV Books Thirty-Seven to The End With the Epitomes and Fragments of the Lost Books"
2	"The Hortatory and Admonitory Epigrams Book X"
2	"The Students' series of Latin Classics"
2	"The comedies of Aristophanes Vol I"
2	"The fasti Tristia ; Pontic epistles ; Ibis ; and, Halieuticon of Ovid"
2	"The fasti Tristia, Pontic epistles, Ibis, and, Halieuticon of Ovid"
2	"The history of the Grecian War written by Thucydides"
2	"The idylls of Theocritus"
2	"The life of Agricola and the Germania"
2	"The life of Apollonius of Tyana the Epistles of Apollonius and the Treatise of Eusebius Vol I-II"
2	"The plays of Euripides Vol I"
2	"The satire of Seneca on the Apotheosis of Claudius commonly called the Apocolocyntosis"
2	"The women of Trachis and Philoctetes"
2	"The works of Horace"
2	"The works of Horace translated literally into English prose Volume 2"
2	"Thoukydidou Peri tou Peloponnesiakou polemou biblia 8 = Thucydidis De bello Peloponnesiaco libri viii"
2	"Thucydidis Historiae Tomus Prior"
2	"Timaeus"
2	"Tryphiodori et Colluthi Carmina"
2	"Victorini Episcopi Petavionensis Opera"
2	"Vitae excellentium imperatorum. English &amp; Latin"
2	"Waqʻat Siffīn"
2	"XII. "Polysticha." Anthologia Latina 627-638"
2	"Xenophon's Hellenics books I-IV and the Banquet"
2	"al-Adab al-ṣaghīr"
2	"al-Aṣmaʻīyāt"
2	"al-Jāmiʻ al-ṣaghīr"
2	"al-Musnad"
2	"al-Muwaṭṭaʼ"
2	"al-Risālah"
2	"al-Sīrah al-Nabawīyah"
2	"al-Umm"
2	"al-Āthār"
2	"أحاديث منتخبة من مغازي موسى بن عقبة"
2	"أحكام القرآن::::أحكام القرآن للشافعي"
2	"أخبار الوافدات من النساء على معاوية بن أبي سفيان::::أخبار الوافدات من النساء"
2	"أخبار الوافدين من الرجال من أهل البصرة والكوفة على معاوية بن أبي سفيان::::أخبار الوافدين من الرجال"
2	"أمثال العرب::::أمثال العرب"
2	"أنساب الخيل::::أنساب الخيل"
2	"اختلاف أبي حنيفة وابن أبي ليلى"
2	"اختلاف الحديث::::اختلاف الحديث"
2	"الآثار :::: مسند ابي حنيفه"
2	"الآثار لمحمد ابن الحسن::::الآثار لمحمد ابن الحسن"
2	"الآثار::::كتاب الآثار"
2	"الأدب الكبير::::الأدب الكبير"
2	"الأزمنة::::الأزمنة"
2	"الأصل المعروف بالمبسوط::::المبسوط للشيباني"
2	"الأصمعيات"
2	"الأصمعيات اختيار الأصمعي::::الأصمعيات"
2	"الأصنام"
2	"الأم"
2	"الأم::::الأم"
2	"الأمالي في آثار الصحابة للحافظ الصنعاني::::الأمالي في آثار الصحابة"
2	"الأمثال للسدوسي::::الأمثال للسدوسي"
2	"الابل"
2	"الازمنه"
2	"الاصل :::: المبسوط"
2	"التيجان في معرفه ملوك الزمان :::: التيجان في معرفه ملوك حمير"
2	"الجامع الصغير وشرحه النافع الكبير::::الجامع الصغير"
2	"الجامع في الحديث::::الجامع في الحديث"
2	"الجامع::::الجامع"
2	"الجمل في النحو::::الجمل في النحو"
2	"الجهاد"
2	"الجهاد لابن المبارك::::الجهاد لابن المبارك"
2	"الجيم"
2	"الجيم::::الجيم"
2	"الحجة على أهل المدينة"
2	"الحجة على أهل المدينة::::الحجة"
2	"الخيل"
2	"الخيل::::الخيل"
2	"الدعاء لابن فضيل::::الدعاء لابن فضيل"
2	"الديباج"
2	"الديباج::::الديباج"
2	"الرد على سير الأوزاعي::::الرد على سير الأوزاعي"
2	"الرده"
2	"الرسالة::::الرسالة"
2	"الرساله::::رساله الامام محمد بن ادريس الشافعي"
2	"الزهد لوكيع::::الزهد لوكيع"
2	"الزهد ويليه الرقائق::::الرقائق"
2	"الزهد::::الزهد لابن المبارك"
2	"السنن المأثورة::::السنن المأثورة"
2	"السير الكبير::::شرح كتاب السير الكبير"
2	"السير::::السير"
2	"السيرة النبوية لابن هشام"
2	"السيرة النبوية لابن هشام::::السيرة النبوية"
2	"الشرح الميسر على الفقهين الأبسط والأكبر المنسوبين لأبي حنيفة::::الفقه الأبسط"
2	"الشرح الميسر على الفقهين الأبسط والأكبر المنسوبين لأبي حنيفة::::الفقه الأكبر"
2	"الصحيفه السجاديه"
2	"الصحيفه السجاديه::::الصحيفه السجاديه"
2	"الصلاه :::: كتاب الصلاه"
2	"العين"
2	"الفتنة ووقعة الجمل"
2	"الفتنة ووقعة الجمل::::الفتنة ووقعة الجمل"
2	"القدر وما ورد في ذلك من الآثار::::القدر لابن وهب"
2	"القوافي للأخفش الأوسط::::القوافي للأخفش الأوسط"
2	"الكتاب"
2	"الكسب::::الكسب"
2	"المدونة الكبرى::::المدونة الكبرى"
2	"المسند::::مسند الحميدي"
2	"المصنف"
2	"المصنف::::مصنف عبد الرزاق"
2	"المفضليات::::المفضليات"
2	"المناسك لابن أبي عروبة::::المناسك لابن أبي عروبة"
2	"الموطأ - بروايه يحيى الليثي - :::: موطأ مالك"
2	"الموطأ :::: موطأ الامام مالك بروايه يحيى الليثي"
2	"الموطأ بروايه يحيى الليثي::::موطأ مالك بن انس"
2	"الموطأ روايه سويد بن سعيد::::موطأ الامام مالك"
2	"الموطأ::::الموطأ بروايه يحيى بن يحى الليثي"
2	"الموطأ::::موطأ مالك"
2	"الناسخ والنسوخ::::الناسخ والمنسوخ للسدوسي"
2	"تفسير الثوري"
2	"تفسير القرآن::::تفسير الصنعاني"
2	"تفسير سفيان الثوري::::تفسير الثوري"
2	"تفسير مجاهد"
2	"تفسير مجاهد::::تفسير مجاهد"
2	"تفسير مقاتل بن سليمان"
2	"تفسير مقاتل بن سليمان::::تفسير مقاتل بن سليمان"
2	"تنزيل القرآن::::تنزيل القرآن"
2	"جزء أشيب::::جزء أشيب"
2	"جزء ابن جريج::::جزء ابن جريج"
2	"جزء سفيان بن عيينه"
2	"جزء فيه حديث سفيان بن عيينة::::جزء ابن عيينة"
2	"جمهرة أشعار العرب::::جمهرة أشعار العرب"
2	"جمهرة أنساب العرب لابن الكلبي::::جمهرة أنساب العرب لابن الكلبي"
2	"جمهره النسب :::: كتاب النسب"
2	"حديث إسماعيل بن جعفر::::حديث إسماعيل بن جعفر"
2	"حديث سفيان بن عيينه الهلالي"
2	"حديث محمد بن عبد الله الأنصاري::::حديث محمد بن عبد الله الأنصاري"
2	"حذف من نسب قريش"
2	"حذف من نسب قريش::::حذف من نسب قريش"
2	"ديوان لبيد بن ربيعة العامري"
2	"ديوان لبيد بن ربيعة العامري::::ديوان لبيد بن ربيعة العامري"
2	"سؤالات نافع بن الازرق"
2	"سيرة ابن إسحاق (المبتدأ والمبعث والمغازي)::::سيرة ابن إسحاق"
2	"سيرة عمر بن عبد العزيز على ما رواه الإمام مالك بن أنس وأصحابه"
2	"سيرة عمر بن عبد العزيز على ما رواه الإمام مالك بن أنس وأصحابه::::سيرة عمر بن عبد العزيز"
2	"صحيفة همام بن منبه"
2	"صحيفة همام بن منبه::::صحيفة همام"
2	"عوالي الليث بن سعد::::عوالي الليث بن سعد"
2	"فتوح الشام::::فتوح الشام"
2	"فحول الشعراء"
2	"فضائل مكة والسكن فيها"
2	"فضائل مكة والسكن فيها::::فضائل مكة"
2	"كتاب الأصنام"
2	"كتاب الإصنام::::الأصنام"
2	"كتاب الخراج::::الخراج"
2	"كتاب الشاء::::الشاء"
2	"كتاب الصلاة::::كتاب الصلاة"
2	"كتاب العين"
2	"كتاب العين 8 مجلدات::::العين"
2	"كتاب المغازي::::المغازي للواقدي"
2	"كتاب سيبويه في النحو"
2	"كتاب سيبويه::::كتاب سيبويه"
2	"مجاز القرآن::::مجاز القرآن"
2	"مجلس من فوائد الليث بن سعد::::فوائد الليث بن سعد"
2	"مسانيد أبي يحيى فراس بن يحيى المكتب الكوفي::::مسانيد فراس المكتب"
2	"مسند أبي داود الطيالسي::::مسند الطيالسي"
2	"مسند ابن المبارك :::: مسند الامام عبد الله بن المبارك"
2	"مسند ابي حنيفه :::: مقصد المسند"
2	"مسند الإمام عبد الله بن المبارك::::مسند ابن المبارك"
2	"مسند الامام الشافعي"
2	"مسند الشافعي::::مسند الشافعي"
2	"مسند زيد بن علي"
2	"مشتبهات القرآن العظيم"
2	"مشيخة ابن طهمان"
2	"مشيخة ابن طهمان::::مشيخة ابن طهمان"
2	"مصباح الشريعة"
2	"مصباح الشريعه ومفتاح الحقيقه"
2	"منتخب الكلام في تفسير الأحلام::::منتخب الكلام في تفسير الأحلام"
2	"موطأ الإمام مالك"
2	"موطأ الإمام مالك::::موطأ مالك"
2	"موطأ الامام مالك بروايه يحيى بن يحيى الليثي::::الموطأ"
2	"نسب معد واليمن الكبير::::نسب معد واليمن الكبير"
2	"نسخة أبي مسهر::::نسخة أبي مسهر"
2	"نسخة وكيع عن الأعمش::::نسخة وكيع"
2	"نهج البلاغة"
2	"وصيه ابو حنيفه الى تلميذه يوسف بن خالد::::وصيه ابوحنيفه لابي يوسف"
2	"وقعة صفين"
2	"وقعة صفين::::وقعة صفين"
1	"(al-Muwaṭṭaʾ)"
1	"A son épouse"
1	"Aischines von Sphettos, studien zur literaturgeschichte der Sokratiker"
1	"Akhbār al-wāfidāt min al-nisāʾ ʻalá Muʻāwiyah ibn Abī Sufyān"
1	"Akhbār al-wāfidīn min al-rijāl min ahl al-Baṣrah wa-al-Kūfah ʻalá Muʻāwiyah ibn Abī Sufyān"
1	"Anabasis"
1	"Ancient Greece social and historical documents from archaic times to the death of Socrates (c. 800-399 BC)"
1	"Ansāb al-khayl fī al-Jāhilīyah wa-al-Islām"
1	"Anthologia latina sive poesis latinae supplementum Pars Prior Carmina in Codicibus Scripta Fasciculus I Libri Salmasiani Aliorumque Carmina"
1	"Apollonii Pergaei quae Graece exstant cum commentariis antiquis Vol II"
1	"Appian's Roman History Vol II."
1	"Appiani Historia romana Volumen Alterum"
1	"Archimède Tome IV Commentaires d'Eutocius et fragments"
1	"Aretaeus. Works. English &amp; Greek. 1972"
1	"Arist.Ph."
1	"Aristarchs Homerische Textkritik nach den Fragmenten des Didymos Erster Theil Die Fragmente des Didymos über Aristarch's Homerrecension"
1	"Aristotelis Opera Volume 11"
1	"Aristotle in twenty-three volumes. Volume 17-18"
1	"Arisṭūṭālīs: Fann al-šiʿr, maʿa l-tarǧamah al-ʿarabīyah al-qadīmah wa-šurūḥ al-Fārābī wa-Ibn Sīnā wa-Ibn Rušd"
1	"Arriani periplus Ponti Euxini Anonymi periplus Ponti Euxini, qui Arriano falso adscribitur. Anonymi periplus Ponti Euxini et Maeotidis paludis. Anonymi mensura Ponti Euxini. Agathemeri hypotyposes geographiae. Fragmenta duo geographica."
1	"Astronomica"
1	"Ausonius, with an English translation Vol 2 Epistulae"
1	"Ausonius, with an English translation Vol 2 Epistularum"
1	"Bibliotheca scriptorum Graecorum et Romanorum Teubneriana : Scriptores Graeci"
1	"Bibliotheca scriptorum Graecorum et Romanorum Teubneriana. Scriptores Graeci. [from old catalog]"
1	"Bibliotheca scriptorum Graecorum et Romanorum Teubneriana. [S.r.]"
1	"Bilbioteca scriptorum graecorum et romanorum Teubneriana. [S.r.]"
1	"Bohn's Classical Library"
1	"C. Iuli Caesaris Commentarii rerum in Gallia gestarum VII A. Hirti Commentarius VIII"
1	"Caesar's Commentaries on the Gallic and civil wars with the supplementary books attributed to Hirtius : including the Alexandrian, African and Spanish Wars"
1	"Calpurnii et Nemesiani Bucolica"
1	"Carmina Vergiliana"
1	"Cicero's offices: De officiis, Laelius, Cato major, and select letters"
1	"Claudian Vol I-II"
1	"Col. R. R."
1	"Commentarius in aurea Pythagoreorum carmina"
1	"Corpus scriptorum ecclesiasticorum Latinorum Volume 6"
1	"Cyropaedia"
1	"De Bello Peloponnesiaco libri octo Vol I"
1	"De Heraclidis Pontici vita et scriptis"
1	"De bello Gallico"
1	"De bello Peloponnesiaco libri VIII Volumen Primum"
1	"De bello Peloponnesiaco, libri octo Volume 1 Section 1"
1	"De compendiosa doctrina per litteras ad filium et Fabii Planciadis Fulgentii Expositio sermonum antiquorum"
1	"De immortalitate animae et mundi consummatione"
1	"De nominibus epitome"
1	"De senectute, De amicitia, De divinatione"
1	"De viris inlustribus liber"
1	"De vita pythagorica liber"
1	"Dionis Prusaensis quem vocant Chrysostomum quae extant omnia"
1	"Dirāsāt islāmīya Volume 8"
1	"Diwan Labid al-ʻĀmirī"
1	"Dīwān Labīd ibn Rabīʻah"
1	"Dīwān Labīd ibn Rabīʻah al-ʻĀmirī"
1	"Enneades"
1	"Epistolae. English."
1	"Epistolae. Latin. Ad Atticum."
1	"Epistulae Volume 4"
1	"Epistulae Volume II, Pars Prior &amp; Pars Posterior Epistulae Ad Atticum"
1	"Epitome"
1	"Euclidis Opera omnia Supplementum"
1	"Eusebii Caesariensis Opera Vol III Demonstrationis Evangelicae Libri I-X"
1	"Excerpta Περὶ παθῶν"
1	"Fahāris al-Umm"
1	"Flavii Arriani Opera Omnia Volumen I Alexandri Anabasis Continens"
1	"Flavii Iosephi opera Vol 4"
1	"Flavii Iosephi opera Vol 5"
1	"Flavii Iosephi opera Vol 6"
1	"Flavii Iosephi opera recognovit Vol 1-4"
1	"Fragmenta De Mensuris Cubicis"
1	"Fuḥūlat al-shuʻarāʾ"
1	"Gai Sollii Apollinaris Sidonii Epistvlae et carmina"
1	"Geographiae Veteris Scriptores Graeci Minores Cum Interpretatione Latina, Dissertationibus, ac Annotationibus Volumen Secundum"
1	"Geographica antiqua hoc est, Scylacis Periplus Maris Mediterranei. Anonymi Periplus Maeotidis paludis &amp; Ponti Euxini. Agathemeri Hypotyposis geographiae omnia Graeco-Latina. Anonymi Expositio totius mundi Latina"
1	"Gharīb al-Qurʾān fī shiʻr al-ʻArab"
1	"Golden verses"
1	"Graeco-Roman memoirs ; 17-20, 26-67, 69-&lt;84-87 &gt;"
1	"Greek Roman and Byzantine Studies"
1	"Gynaeciorum vetus translatio latina"
1	"Hellenica"
1	"Heronis Alexandria Opera quae supersunt omnia Vol 1 Pneumatica et Automata"
1	"Heronis Alexandrini ppera quae supersunt omnia Vol 2-Fasc I Mechanica et Catoptrica"
1	"Hieroclis in aureum Pythagoreorum carmen commentarius"
1	"Hieronymi De viris inlustribus liber Accedit Gennadii Catalogus Virorum Inlustrium"
1	"Histoire de la guerre du Péloponnèse"
1	"Historiae"
1	"History of the Peloponnesian War Book I."
1	"History of the Peloponnesian War. Book I-III."
1	"History of the Peloponnesian War. Books I and II."
1	"Homeric hymns. Greek."
1	"Iamb. in Nic."
1	"Iamblichi In Nicomachi Arithmeticam introductionem liber"
1	"Idylls"
1	"Iliad"
1	"In Nicomachi Arithmeticam introductionem"
1	"In Nicomachi Arithmeticam introductionem liber"
1	"In aureum Pythagoreorum carmen commentarius"
1	"Introductio arithmetica"
1	"Jamharat al-nasab"
1	"Jamharat al-nasab li-Ibn al-Kalbī"
1	"Johannis Cassiani Opera Pars I De institutis coenobiorum et de octo principalium vitiorum remediis libri XII ; De incarnatione domini contra Nestorium libri VII"
1	"Johannis Cassiani Opera Pars I De institutis coenobiorum et de octo principalium vitiorum remediis libri XII, De incarnatione domini contra Nestorium libri VII"
1	"Kitāb"
1	"Kitāb al-dībāj"
1	"Kitāb al-ḥujjah ʻalá ahl al-Madīnah"
1	"Kitāb al-maghāzī"
1	"Kitāb al-shāʼ"
1	"Kitāb al-siyar wa-al-maghāzī"
1	"Kitāb al-zuhd wa-al-raqāʼiq"
1	"Kitāb Tafsīr al-aḥlām, al-musammá, Muntakhab al-kalām fī tafsīr al-aḥlām"
1	"Kitāb al-Duʻāʾ"
1	"Kitāb al-Ibil"
1	"Kitāb al-Jīm"
1	"Kitāb al-Kasb"
1	"Kitāb al-Manāsīk"
1	"Kitāb al-Muḥārabah min al-Muwaṭṭaʾ"
1	"Kitāb al-Zuhd"
1	"Kitāb al-amthāl"
1	"Kitāb al-aṣl"
1	"Kitāb al-aṣl, li-Abī ʻAbd Allāh Muḥammad ibn al-Ḥasan al-Shaybānī. Iʻtaná bi-taṣḥīḥihi wa-al-taʻlīq ʻalayhi Abū al-Wafā' al-Afghānī"
1	"Kitāb al-aṣnām"
1	"Kitāb al-dībāj"
1	"Kitāb al-ḥujjah ʻalā ahl al-Madīnah"
1	"Kitāb al-jumal fī al-naḥū"
1	"Kitāb al-maghāzī lil-Wāqidī Muḥammad ibn ʻUmar ibn Wāqid"
1	"Kitāb al-qadar"
1	"Kitāb al-siyar wa-al-maghāzī"
1	"Kitāb al-Ṣalāh"
1	"Kitābān fī al-khayl"
1	"Lettres à Olympias"
1	"Loeb classical library 310"
1	"Lysis Symposium Gorgias"
1	"M. Tullii Ciceronis Opera quae supersunt omnia Vol VII."
1	"Majāz al-Qurʼān, ṣanʻat Abī ʻUbaydahʼ Maʻmar ibn al-Muthannā al-Taymī. ʻĀraḍahu bi-ʼuṣūlihi wa-ʻallaqa ʻalayhi Muḥammad Fuʼād Sazgīn"
1	"Majāz al-Qur'ān"
1	"Majāz al-Qurʾān"
1	"Maqtal al-Husayn wa-maṣraʻ ahl baytih wa-aṣḥābih fī Karbalāʾ al-mashhūr bi-Maqtal Abī Mikhnaf"
1	"Maqtal al-Imām al-Ḥusayn ibn ʻAlī"
1	"Martianvs Capella Accedunt Scholia In Caesaris Germanici Aratea"
1	"Masāʾil Nāfiʻ ibn al-Azraq"
1	"Masāʾil ʻAlī ibn Jaʻfar"
1	"Mawsūʻat al-Imām al-Shāfiʻī al-kitāb al-Umm"
1	"Maʻānī al-Qurʼān"
1	"Min Ḥadīth al-Imam Sufyān ibn Saʻīd al-Thawrī"
1	"Miṣbāḥ al-sharīʻah"
1	"Monumenta Germaniae historica inde ab anno Christi quingentesimo usque ad annum millesimum et quingentesimum. t. 8 Auctores antiquissimi"
1	"Mukhtaṣar Sīrat Ibn Hishām (al-Sīrah al-Nabawīyah)"
1	"Mukhtaṣar al-Muṣannaf"
1	"Musnad Abī Dāwud al-Ṭayālisī"
1	"Musnad Abī ʻAbd Allāh Muḥammad ibn Idrīs al-Shāfiʻī"
1	"Musnad Muḥammad ibn Idrīs al-Shāfiʻī"
1	"Musnad al-Imām Zayd"
1	"Musnad al-Imām Abī Bakr ʻAbd Allāh ibn al-Zubayr al-Qurashī al-Ḥumaydī"
1	"Musnad al-Imām Zayd, li-Zayd ibn ʻAlī ibn al-Ḥusayn ibn ʻAlī ibn Abī Ṭālib"
1	"Musnad al-Imām al-Shāfiʻī"
1	"Musnad ʻAbd Allāh ibn al-Mubārak. Wa-yalīhi Kitāb al-Birr wa-al-ṣilah"
1	"Muwaṭṭa' al-Imām Mālik"
1	"Muwaṭṭaʼ al-Imām Mālik"
1	"Muwaṭṭaʾ al-Imām Mālik"
1	"Muwaṭṭaʾ al-Imām Mālik Abī ʻAbd Allāh ibn Anas al-Aṣbaḥī"
1	"Nasab Maʻad wa-al-Yaman al-Kabīr"
1	"Nasab Maʻad wa-al-Yaman al-kabīr"
1	"On agriculture Volume I Res Rustica I-IV"
1	"On agriculture Volume II Res Rustica V-IX"
1	"On the nature of the gods, On divination, On fate, On the republic, On the laws, and On standing for the consulship"
1	"P. Ovidius Naso ex Iterata R. Merkelii Recognitione Vol. II."
1	"Philologische Untersuchungen 21"
1	"Physica"
1	"Physici et medici Graeci minores Vol 1"
1	"Plato Volume 8 The statesman, Philebus, Ion"
1	"Plato in twelve volumes: with an English translation Cratylus, Parmenides, Greater Hippias, Lesser Hippias"
1	"Plato in twelve volumes: with an English translation Laws Vols 10-11"
1	"Plato in twelve volumes: with an English translation Plato: Timaeus, Critias, Cleitophon, Menexenus [and] Epistles."
1	"Plato in twelve volumes: with an English translation Republic Vols 5-6"
1	"Platonis Opera Tomvs IV Tetralogia VIII"
1	"Plotini Enneades Praemisso Porphyrii De Vita Plotini De Que Ordine Librorum Eius Libello Vol I"
1	"Plotini Opera Tomus I Porphyrii Vita Plotini, Enneades I-III"
1	"Poems and letters Vol I-II"
1	"Porphyrii isagoge et in Aristotelis categorias commentarium"
1	"Pro Sulla"
1	"Procopii Caesariensis Opera omnia Volume 5"
1	"Programm Gymnasium Duisburg"
1	"Prudentius Vol 1-2"
1	"Pseudo-Callisthenes. Historia Alexandri Magni. Latin"
1	"Pts. 1-13: Memoirs 1-2, 5-6, 8-16 of The Egypt Exploration Fund, Graeco-Roman Branch"
1	"Quaestionum homericarum ad Iliadem pertinentium Fasc II"
1	"Res gestae Alexandri Macedonis"
1	"Res gestae Alexandri Macedonis translatae ex Aesopo graeco"
1	"Rhetores Graeci Volume 2"
1	"Rhetorici libri duo qui vocantur de inventione"
1	"Sancti Aureli Augustini Opera Sectio VIII, Pars I De peccatorum meritis et remissione et de baptismo parvulorum; De spiritu et littera; De natura et gratia; De natura et origine animae; Contra duas epistulas Pelagianorum."
1	"Sancti Aurelii Augustini Opera Sect VI Pars II De natura boni ; Epistula Secundini ; Contra Secundinum Accedunt Evodii de fide contra Manichaeos et Commonitorium Augustini quod fertur ."
1	"Sancti Aurelii Augustini Opera Sect VI Pars II De natura boni, Epistula Secundini, Contra Secundinum Accedunt Evodii de fide contra Manichaeos et Commonitorium Augustini quod fertur ."
1	"Sancti Aurelii Augustini Scripta contra Donatistas Opera Sectio 7, Pars 3 Liber de unico baptismo , Breviculus collationis com Donatistis , Contra partem Donati post gesta , Sermo ad Caesariensis ecclesiae plebem , Gesta cum emerito Donatistarum episcopo , Contra gaudentium Donatistarum episcopum libri II"
1	"Sancti Aurelii Augustini Scripta contra Donatistas Opera Sectio 7, Pars 3 Liber de unico baptismo, Breviculus collationis com Donatistis , Contra partem Donati post gesta , Sermo ad Caesariensis ecclesiae plebem , Gesta cum emerito Donatistarum episcopo , Contra gaudentium Donatistarum episcopum libri II"
1	"Sancti Aurelii Augustini Scripta contra Donatistas Opera Sectio 7, Pars 3 Liber de unico baptismo, Breviculus collationis com Donatistis, Contra partem Donati post gesta, Sermo ad Caesariensis ecclesiae plebem m Gesta cum emerito Donatistarum episcopo, Contra gaudentium Donatistarum episcopum libri II"
1	"Satires, Epistles and Ars poetica with an English translation"
1	"Saḥīfah-i Kāmilah-i Sajjādiyyah"
1	"Scripta quae manserunt omnia Partis IV, Vol III"
1	"Scriptorum classicorum bibliotheca oxoniensis. [Script. romani]"
1	"Selections. English &amp; Greek. 1994"
1	"Sexti Empirici Opera Vol I"
1	"Sexti Empirici Opera Vol II"
1	"Sharḥ Kitāb al-Siyār al-kabīr"
1	"Sharḥ diwān Labīd ibn Rabīʻah al-ʻĀmirī"
1	"Sophocles the plays and fragments with critical notes, commentary, and translation in English prose Part 1 The Oedipus Tyrannus"
1	"Sophocles the plays and fragments with critical notes, commentary, and translation in English prose Part 2 The Oedipus Coloneus"
1	"Sophocles the plays and fragments with critical notes, commentary, and translation in English prose Part 3 The Antigone"
1	"Sophocles the plays and fragments with critical notes, commentary, and translation in English prose Part 4 The Philoctetes"
1	"Sophocles the plays and fragments with critical notes, commentary, and translation in English prose Part 5 The Trachiniae"
1	"Sophocles the plays and fragments with critical notes, commentary, and translation in English prose Part 6 The Electra"
1	"Sophocles the plays and fragments with critical notes, commentary, and translation in English prose Part 7 The Ajax"
1	"Sources chrétiennes 273"
1	"Sīrat Ibn Isḥāq al-musammāh bi-kitāb al-mubtada' wa-al-mabʻath wa-al-maghāzī"
1	"Sīrat al-Nabī"
1	"Sīrat ʻUmar ibn ʻAbd al-ʻAzīz ʻalá mā ruwāh Mālik Ibn Anas"
1	"Tafsīr Ibn Jurayj"
1	"Tafsīr al-Qurʾān"
1	"Tafsīr al-aḥlām al-kabīr al-musammá muntakhab al-kilām fī tafsīr al-aḥlām"
1	"Tafsīr ʻAbd al-Razzāq"
1	"Taqrīb al-sīrah al-nabawīyah"
1	"Tarjumah va sharh-i Saḥīfah-i Kāmilah-i Sajjādiyyah"
1	"Tawḥīd al-Mufaḍḍal"
1	"The Greek romances of Heliodrus, Longus, and Achilles Tatius compromising the Ethiopics, or, Adventures of Theagenes and Chariclea; The pastoral amours of Daphnis and Chloe, and The loves of Clitopho and Leucippe"
1	"The Loeb classical library ... [Greek authors] [from old catalog]"
1	"The Metaphysics Vol I"
1	"The Oxyrhynchus papyri Part 9 1174"
1	"The World's great classics"
1	"The comedies of Terence and the fables of Phaedrus"
1	"The commentaries of Caesar"
1	"The correspondence of M. Tullius Cicero arranged according to its chronological order; with a revision of the text, a commentary, and introductory essays Vol I"
1	"The correspondence of M. Tullius Cicero arranged according to its chronological order; with a revision of the text, a commentary, and introductory essays on The Life of Cicero, and The Style of His Letters Vol I"
1	"The eleven comedies literally &amp; completely translated from the Greek tongue into English, with translator's foreword, an introd. to each comedy &amp; elucidatory notes. Vol I"
1	"The fables of Phaedrus"
1	"The fasti Tristia , Pontic epistles , Ibis , and, Halieuticon of Ovid"
1	"The genuine works of Hippocrates Volume 1"
1	"The geography of Strabo Volume I-III"
1	"The orations of Marcus Tullius Cicero Vol 4 The fourteen orations against Marcus Antonius"
1	"The plays of Euripides Vol II"
1	"The poetical works of Robert Browning Volume 13"
1	"The statesman : Philebus"
1	"The statesman; Philebus; Ion"
1	"The tragedies of Euripides Vol I"
1	"Theaetetus ; Sophist"
1	"Theaetetus, Sophist"
1	"Thoukydídou Xyngraphe"
1	"Titus Flamininius"
1	"Tyrannii Rvfini Orationvm Gregorii Nazianzeni novem interpretatio"
1	"Vitae Patrum Sive Historiae Eremiticae Libri Decem Appendix ad Monumenta Sex Priorum Ecclesia Saeculorum"
1	"Vitae Patrum Sive Historiae Eremiticae Libri Decem Appendix ad Monumenta Sex Priorum Ecclesia Saeculorum Book II"
1	"Vitae Patrum Sive Historiae Eremiticae Libri Decem Appendix ad Monumenta Sex Priorum Ecclesia Saeculorum Book III"
1	"Vitae Patrum Sive Historiae Eremiticae Libri Decem Appendix ad Monumenta Sex Priorum Ecclesia Saeculorum Book VIII"
1	"Xenophon in Seven Volumes Vol 1 and Vol 2"
1	"Xenophon in Seven Volumes Vol 4"
1	"Xenophon in Seven Volumes Vol 5-6"
1	"Xenophon in Seven Volumes Volumes 2-3 Anabasis"
1	"Xenophon in seven volumes Scripta Minora Vol 7"
1	"Xenophontis Opera omnia Vol 5"
1	"Xenophontis Opera omnia Volume 2 Commentarii, Oeconomicus, Convivium, Apologia Socratis"
1	"Xenophontis Opera omnia Volume I Historia Graeca"
1	"Xenophontis Opera omnia Volume III Expeditio Cyri"
1	"Xenophontis Opera omnia Volume IV Institutio Cyri"
1	"[Iamblichi] Theologumena arithmeticae"
1	"al-Adab al-kabīr"
1	"al-Adab al-kabīr"
1	"al-Adab al-ṣaghīr wa-al-adab al-kabīr"
1	"al-Jāmiʻ"
1	"al-Jāmiʻ fī al-Ḥadīth"
1	"al-Kasb"
1	"al-Mudawwanah al-kubrá"
1	"al-Musnad li-Muwaṭṭaʾ al-Imām Mālik ibn Anas, Imām Dār al-Hijrah 93-179 H"
1	"al-Sunan al-maʼthūrah"
1	"al-Sunan al-maʾthūrah"
1	"al-Sīrah al-nabawīyah li-Ibn Hishām bi-sharḥ al-wazīr al-Maghribī"
1	"al-Zuhd wa-al-raqāʾiq"
1	"al-Ḥikmah al-madanīyah, Kitāb al-Adab al-Kabīr"
1	"al-Ṣaḥīfah al-sajjādīyah al-kāmilah"
1	"aḷ-Sīrah al-Nabawiyah."
1	"ΦΥΣΙΚΗΣ ΑΚΡΟΑΣΕΩΣ"
1	"أحاديث السري بن يحيى"
1	"أحاديث يزيد بن أبي حبيب المصري"
1	"أحكام القرآن"
1	"أخبار الوافدات من النساء على معاوية بن أبي سفيان"
1	"أخبار الوافدات من النساء علی معاویة بن أبي سفیان"
1	"أخبار الوافدين من أهل البصرة و الکوفة علی معاوية بن أبي سفيان"
1	"أخبار الوافدين من الرجال من أهل البصرة والكوفة على معاوية بن أبي سفيان"
1	"أنساب الخيل"
1	"أنساب الخيل في الجاهلية و الإسلام و أخبارها"
1	"أنساب الخيل في الجاهلية والإسلام وأخبارها"
1	"إختلاف أبي حنيفة وابن أبي ليلى"
1	"احاديث منتقاه من مغازي موسى بن عقبه"
1	"احکام القرآن (للشافعی)"
1	"اخبار الوافدات على معاويه بن ابي سفيان"
1	"اختلاف الحديث (مطبوع ملحقا بالأم للشافعي)"
1	"اسرار آل محمد عليهم السلام: ترجمه كتاب سليم بن قيس هلالى، اولین کتاب حدیثی و تاریخی از قرن اول هجری"
1	"الآثار لمحمد بن الحسن."
1	"الأدب الصغير"
1	"الأدب الصغير والأدب الكبير"
1	"الأدب الكبير والأدب الصغير"
1	"الأزمنة وتلبية الجاهلية"
1	"الأصل المعروف بالمبسوط"
1	"الأصمعيات اختيار الأصمعي"
1	"الأم (ط الأفكار)"
1	"الأم (ط. بيت الأفكار)"
1	"الأمالي في آثار الصحابة للحافظ الصنعاني"
1	"الإبل"
1	"الاحاديث"
1	"الاحاديث المنتخبه من مغازي موسى بن عقبه"
1	"الاصل"
1	"التصاريف لتفسير القرآن مما اشتبهت أسمائه وتصرفت معانيه"
1	"التوحيد"
1	"التيجان في معرفه ملوك حمير"
1	"التيجان في ملوك حمير"
1	"الجامع"
1	"الجامع (منشور كملحق بمصنف عبد الرزاق)"
1	"الجامع الصغير مع شرحه النافع الكبير"
1	"الجامع الصغير وشرحه النافع الكبير لمن يطالع الجامع الصغير"
1	"الجامع في الحديث لابن وهب"
1	"الجهاد لابن المبارك"
1	"الحجه على اهل المدينه"
1	"الخراج"
1	"الخراج (القرشي)"
1	"الدعاء (الضبي)"
1	"الرد على سير الأوزاعي"
1	"الردة مع نبذة من فتوح العراق وذكر المثنى بن حارثة الشيباني"
1	"الردة، مع نبذة من فتوح العراق و ذکر المثنی بن حارثه "الشیباني""
1	"الرساله الاصليه"
1	"الروض الأنف في تفسير السيرة النبوية لابن هشام ومعه السيرة النبوية لابن هشام"
1	"الروضة المختارة (شرح القصائد الهاشميات)"
1	"الزهد للمعافى بن عمران الموصلي"
1	"الزهد لوكيع"
1	"الزهد والرقائق (ابن المبارك) (ط دار المعراج)"
1	"الزهد والرقائق لابن المبارك (يليه «ما رواه نعيم بن حماد في نسخته زائدا على ما رواه المروزي عن ابن المبارك في كتاب الزهد»)"
1	"السنن المأثورة للإمام محمد بن إدريس الشافعي (ت خاطر)"
1	"السنن المأثورة للإمام محمد بن إدريس الشافعي (ت قلعجي)"
1	"السير"
1	"السير في الاخبار والاحداث"
1	"السير لأبي إسحاق الفزاري"
1	"السيرة النبوية (ابن إسحاق - ط العلمية)"
1	"السيره النبويه"
1	"السیره النبویه،ابن هشام"
1	"الصحيفة السجادية (ابطحي)"
1	"الصحيفة السجادية الكاملة"
1	"الصحيفة الصحيحة صحيفة همام بن منبه (ت الحلبي)"
1	"الصحیفة السجادیة (ترجمه آیتی)"
1	"الصحیفه السجادیه الکامله"
1	"الصلاة"
1	"الفرائض للثوري"
1	"القدر وما ورد في ذلك من الآثار"
1	"القدر وما ورد في ذلك من الآثار (ت العثيم)"
1	"الكتاب (كتاب سيبويه)"
1	"الكسب"
1	"المدونة"
1	"المدونة الكبرى"
1	"المدونة الكبرى للإمام مالك رواية سحنون - ويليها مقدمات ابن رشد - ومعه: كتاب تزيين الممالك بمناقب سيدنا الإمام مالك للسيوطي، وكتاب مناقب سيدنا الإمام مالك للزواوي"
1	"المسائل"
1	"المشيخه"
1	"المناسك"
1	"المناسك لابن أبي عروبة"
1	"الموطأ - بروايه محمد بن الحسن الشيباني -"
1	"الموطأ كتاب القضاء في البيوع"
1	"الموطأ للامام مالك بروايه احمد الزهري"
1	"الناسخ والمنسوخ - وتنزيل القرآن بمكة والمدينة"
1	"امالي عبد الرزاق الصنعاني"
1	"ترجمه سيره ابن اسحاق (تركي)"
1	"تفسير أبي حمزة الثمالي"
1	"تفسير الأحلام = منتخب الكلام في تفسير الأحلام (مطبوع بهامش تعطير الأنام في تعبير المنام للنابلسي)"
1	"تفسير الإمام الشافعي"
1	"تفسير الإمام مجاهد بن جبر"
1	"تفسير القرآن من الجامع لابن وهب"
1	"تفسير سفيان الثوري"
1	"تفسير عبد الرزاق"
1	"تفسير عبد الرزاق الصنعاني"
1	"تفسير يحيى بن سلام"
1	"تفسیر القرآن العزیز - تفسیر عبدالرزاق"
1	"تفسیر مقاتل بن سلیمان"
1	"تفسیر یحیی بن سلام التیمی البصری القیروانی"
1	"تمام نهج البلاغة"
1	"تهذيب السيره النبويه لابن اسحاق"
1	"تهذيب سيرة ابن هشام"
1	"توحيد المفضل"
1	"توحيد مفضل"
1	"جزء آدم بن أبي إياس"
1	"جزء أشيب"
1	"جزء القاسم بن موسى الأشيب"
1	"جزء بكر بن بكار - مطبوع ضمن جمهرة الأجزاء الحديثية"
1	"جزء حديث سفيان بن عيينة"
1	"جزء سفيان بن عيينة"
1	"جزء فيه أحاديث أبي علي الحسن بن موسى الأشيب"
1	"جزء فيه أحاديث الحسن بن موسى الأشيب"
1	"جزء فيه احاديث ابي عمرو بكر بن بكار القيسي البصري"
1	"جزء فيه احاديث ابي محمد سفيان بن عيينه بن ميمون الهلالي المتوفى 198هـ"
1	"جزء فيه احاديث سفيان بن عيينه"
1	"جزء فيه حديث سفيان بن عيينة رواية زكريا المروزي"
1	"جزء فيه مجلس من فوائد الليث بن سعد"
1	"جزء فيه مجلس من فوائد الليث بن سعد (مجلس من أمالي الليث بن سعد وحديث ثمامة بن أثال الحنفي)"
1	"جزء فيه نسخه ابراهيم بن سعد الزهري"
1	"جزء فيه نسخه ابي صالح كاتب الليث"
1	"جزء فيه نسخه ابي مسهر ويحيى بن صالح"
1	"جزء من احاديث ابن عيينه الهلالي"
1	"جزء من نسخة إبراهيم بن سعد (مطبوع ضمن مجموع باسم الفوائد لابن منده!)"
1	"جمهرة أشعار العرب في الجاهلية والإسلام"
1	"جمهرة النسب (عالم الکتب)"
1	"جمهره اشعار العرب"
1	"جمهره الانساب"
1	"حديث"
1	"حديث الهمداني"
1	"حديث سفيان بن عيينه المنتخبه من فوائد"
1	"حديث علي بن حجر السعدي عن إسماعيل بن جعفر المدني"
1	"حديث محمد بن عبد الله الأنصاري"
1	"حديث محمد عبد الله الانصاري"
1	"خلق الإنسان"
1	"ديوان لبيد بن ربيعة (ط دار صادر)"
1	"ديوان لبيد بن ربيعة شرح الطوسي (ط الكتاب العربي)"
1	"ذكر مقتل السبط الشهيد الولي ابي عبد الله الحسين بن علي بن ابي طالب"
1	"رساله الامام الشافعي"
1	"سنن الشافعي المأثوره عن رسول الله صلى الله عليه وسلم"
1	"سيرة ابن إسحاق"
1	"سيرة ابن إسحاق (كتاب السير والمغازي)"
1	"سيرة ابن إسحاق المسماة بـ: المبتدأ والمبعث والمغازي (ط المغرب)"
1	"سيرة ابن هشام"
1	"سيره ابن اسحاق (تركي)"
1	"سيره ابن هشام"
1	"سيره رسول الله"
1	"شرح الموطأ"
1	"شرح رسالة الحقوق"
1	"شرح كتاب الكسب"
1	"شگفتیهای آفرینش (توحید مفضل - ترجمه میرزایی)"
1	"صحيفة همام بن منبه عن أبي هريرة رضي الله عنه (ت عبد المطلب)"
1	"صحیفه سجادیه"
1	"صحیفه سجادیه (با مقدمه شهید صدر)"
1	"عشرة أحاديث من الجزء المنتقى الأول والثاني من حديث الليث (مطبوع ضمن مجموع باسم الفوائد لابن منده!)"
1	"غريب القرآن في شعر العرب ((مسائل نافع بن الأزرق لعبد الله بن عباس - رضي الله عنه وعن أبيه))"
1	"غریب القرآن فی شعر العرب"
1	"فحولة الشعراء"
1	"كتاب الآثار"
1	"كتاب الأم"
1	"كتاب الجهاد"
1	"كتاب الحج من كتب عبد العزيز بن عبد الله بن أبي سلمة الماجشون"
1	"كتاب الزهد"
1	"كتاب الزهد ويليه كتاب الرقائق (ط العلمية)"
1	"كتاب الزهد ويليه مسند المعافي بن عمران الموصلي"
1	"كتاب العين مرتبا على حروف المعجم"
1	"كتاب القدر وما ورد في ذلك من الآثار (ت الحفيان)"
1	"كتاب المحاربة من موطأ ابن وهب"
1	"كتاب المسند"
1	"كتاب المناسك"
1	"كتاب الموطأ"
1	"كتاب سليم بن قيس"
1	"كتاب سليم بن قيس الهلالي"
1	"كتاب سيبويه"
1	"كتاب في تفسير الاحلام"
1	"متشابه القرآن"
1	"مجاز القرآن 1"
1	"مجالس ابن القاسم التي سأل عنها مالكا رحمه الله"
1	"مجالس ابي القاسم التي سال عنها مالكا"
1	"مختصر سيره ابن هشام"
1	"مسائل ابن القاسم"
1	"مسائل علي بن جعفر"
1	"مسائل علي بن جعفر و مستدركاتها"
1	"مسانيد أبي يحيى الكوفي"
1	"مسند أبي حنيفة رواية الحصكفي"
1	"مسند ابن المبارك"
1	"مسند ابي داود الطيالسي"
1	"مسند الإمام الشافعي"
1	"مسند الإمام الشافعي (ترتيب سنجر)"
1	"مسند الإمام عبد الله بن المبارك"
1	"مسند الإمام عبد الله بن المبارك (ت السامرائي)"
1	"مسند الإمام محمد بن ادريس الشافعي ويليه ترتيب مسند الإمام (ت رفعت)"
1	"مسند الرضا (ع)"
1	"مشتبهات القرآن"
1	"مصباح الشریعه و مفتاح الحقیقه منسوب به امام جعفر صادق (ع)"
1	"معانى القرآن للأخفش [معتزلى]"
1	"معانی القرآن 1"
1	"مغازي الواقدي"
1	"مقتل الحسين (ع)"
1	"من حديث أبي عبيدة مجاعة بن الزبير العتكي البصري"
1	"من حديث الإمام سفيان بن سعيد الثوري"
1	"منتخب نهج البلاغه"
1	"موطأ الامام مالك (روايه ابي مصعب)"
1	"موطأ عبد الله بن وهب (قطعة من الكتاب)"
1	"موطأ مالك (ت: الأعظمي)"
1	"موطأ مالك (ت: عبد الباقي)"
1	"موطأ مالك (ط. المكنز)"
1	"موطأ مالك برواية محمد بن الحسن الشيباني"
1	"موطأ مالك بروايه الشيباني"
1	"موطأ مالك ـ رواية أبي مصعب الزهري"
1	"موطأ مالك ـ رواية يحيى بن يحيى الليثي"
1	"نسب فحول الخيل في الجاهلية و الإسلام"
1	"نسب معد و الیمن الکبیر (عالم الکتب)"
1	"نسخة أبي مسهر"
1	"نسخة الزبير بن عدي"
1	"نسخة عبد الله بن صالح كاتب الليث (مطبوع ضمن مجموع باسم الفوائد لابن منده!)"
1	"نسخة وكيع"
1	"نسخة وكيع عن الأعمش"
1	"نسخه ابراهيم بن سعد"
1	"نهج البلاغة (حسینی)"
1	"نهج البلاغة (شرح دخیل)"
1	"نهج البلاغة (محمد جواد شریعت)"
1	"نهج البلاغة الثانی"
1	"نهج البلاغه (ترجمه انصاری)"
1	"نهج البلاغه (ترجمه اولیایی)"
1	"نهج البلاغه (ترجمه بهشتی)"
1	"نهج البلاغه (ترجمه دشتی‏)"
1	"نهج البلاغه (ترجمه شرقی)"
1	"نهج البلاغه (ترجمه شهیدی‏)"
1	"نهج البلاغه (ترجمه فاضل)"
1	"نهج البلاغه (ترجمه مبشری)"
1	"نهج البلاغه (ترجمه مهدی شریعتی)"
1	"نهج البلاغه (شرح نواب لاهیجی)"
1	"نهج البلاغه امیر المومنین علی (ع) : متن کامل عربی و ترجمه فارسی نهج البلاغه با مقدمه ای در فن خطابه و تاریخ آن و تعلیقات (ترجمه سپهر)"
1	"نهج البلاغه منظوم (انصاری)"
1	"نهج البلاغه منظوم (ترجمه علی توکلی)"
1	"نهج البلاغه پارسی (دین پرور)"
1	"وقعة صفین"
1	"وقعه صفين"
1	"پیکار صفین"
1	"کتاب الامثال"
1	"کتاب الجیم"
1	"کتاب العین"
1	"Ḥadhf min nasab Qurayah"
1	"‏ترجمه و شرح رساله الحقوق امام سجاد (ع)"
1	"‏رساله الحقوق لامام زین العابدین علیه السلام"

